h3_res8,date,count,lag_1,lag_7,rolling_7_mean
88608b006dfffff,2024-01-01,0.0,0.0,0.0,0.0
88608b0101fffff,2024-01-01,0.0,0.0,0.0,0.0
88608b0105fffff,2024-01-01,0.0,0.0,0.0,0.0
88608b0109fffff,2024-01-01,0.0,0.0,0.0,0.0
88608b010dfffff,2024-01-01,0.0,0.0,0.0,0.0
88608b0121fffff,2024-01-01,0.0,0.0,0.0,0.0
88608b0125fffff,2024-01-01,0.0,0.0,0.0,0.0
88608b0127fffff,2024-01-01,0.0,0.0,0.0,0.14285714285714285
88608b0129fffff,2024-01-01,0.0,0.0,0.0,0.0
88608b012bfffff,2024-01-01,0.0,0.0,0.0,0.0
88608b012dfffff,2024-01-01,0.0,0.0,0.0,0.0
88608b0141fffff,2024-01-01,0.0,0.0,0.0,0.0
88608b0143fffff,2024-01-01,0.0,0.0,0.0,0.0
88608b0145fffff,2024-01-01,0.0,0.0,0.0,0.0
88608b0147fffff,2024-01-01,0.0,0.0,0.0,0.14285714285714285
88608b0149fffff,2024-01-01,0.0,0.0,0.0,0.0
88608b014bfffff,2024-01-01,0.0,0.0,0.0,0.0
88608b014dfffff,2024-01-01,0.0,0.0,0.0,0.0
88608b0159fffff,2024-01-01,0.0,0.0,0.0,0.0
88608b015dfffff,2024-01-01,0.0,0.0,0.0,0.0
88608b0161fffff,2024-01-01,0.0,0.0,0.0,0.0
88608b0163fffff,2024-01-01,0.0,0.0,0.0,0.0
88608b0165fffff,2024-01-01,0.0,0.0,0.0,0.0
88608b0167fffff,2024-01-01,0.0,0.0,0.0,0.0
88608b0169fffff,2024-01-01,0.0,0.0,0.0,0.0
88608b016bfffff,2024-01-01,0.0,0.0,0.0,0.0
88608b016dfffff,2024-01-01,0.0,0.0,0.0,0.0
88608b0301fffff,2024-01-01,0.0,0.0,0.0,0.0
88608b0303fffff,2024-01-01,0.0,0.0,0.0,0.0
88608b0305fffff,2024-01-01,0.0,0.0,0.0,0.0
88608b0307fffff,2024-01-01,0.0,0.0,0.0,0.0
88608b0309fffff,2024-01-01,0.0,0.0,0.0,0.0
88608b030bfffff,2024-01-01,0.0,0.0,0.0,0.0
88608b030dfffff,2024-01-01,0.0,0.0,0.0,0.14285714285714285
88608b0311fffff,2024-01-01,0.0,0.0,0.0,0.0
88608b0315fffff,2024-01-01,0.0,0.0,0.0,0.0
88608b0317fffff,2024-01-01,0.0,0.0,0.0,0.0
88608b0319fffff,2024-01-01,0.0,0.0,0.0,0.0
88608b031bfffff,2024-01-01,0.0,0.0,0.0,0.0
88608b031dfffff,2024-01-01,0.0,0.0,0.0,0.0
88608b0321fffff,2024-01-01,0.0,0.0,0.0,0.0
88608b0323fffff,2024-01-01,0.0,0.0,0.0,0.0
88608b0325fffff,2024-01-01,0.0,0.0,1.0,0.14285714285714285
88608b0327fffff,2024-01-01,0.0,0.0,0.0,0.0
88608b0329fffff,2024-01-01,0.0,0.0,0.0,0.0
88608b032bfffff,2024-01-01,0.0,0.0,0.0,0.0
88608b032dfffff,2024-01-01,0.0,0.0,0.0,0.0
88608b0331fffff,2024-01-01,0.0,0.0,0.0,0.0
88608b0333fffff,2024-01-01,0.0,0.0,0.0,0.0
88608b0335fffff,2024-01-01,0.0,0.0,0.0,0.0
88608b0337fffff,2024-01-01,0.0,0.0,0.0,0.0
88608b0339fffff,2024-01-01,0.0,0.0,0.0,0.0
88608b033bfffff,2024-01-01,0.0,0.0,0.0,0.0
88608b033dfffff,2024-01-01,0.0,1.0,0.0,0.14285714285714285
88608b0341fffff,2024-01-01,0.0,0.0,0.0,0.0
88608b0343fffff,2024-01-01,0.0,0.0,0.0,0.14285714285714285
88608b0345fffff,2024-01-01,0.0,0.0,0.0,0.0
88608b0347fffff,2024-01-01,0.0,0.0,0.0,0.0
88608b034dfffff,2024-01-01,0.0,0.0,0.0,0.0
88608b0355fffff,2024-01-01,0.0,0.0,0.0,0.0
88608b0357fffff,2024-01-01,0.0,0.0,0.0,0.0
88608b0361fffff,2024-01-01,0.0,0.0,0.0,0.0
88608b0363fffff,2024-01-01,0.0,0.0,0.0,0.0
88608b0365fffff,2024-01-01,0.0,0.0,0.0,0.0
88608b0367fffff,2024-01-01,0.0,0.0,0.0,0.0
88608b0369fffff,2024-01-01,0.0,0.0,0.0,0.0
88608b036bfffff,2024-01-01,0.0,0.0,0.0,0.0
88608b036dfffff,2024-01-01,0.0,0.0,0.0,0.0
88608b0801fffff,2024-01-01,0.0,0.0,0.0,0.0
88608b0805fffff,2024-01-01,0.0,0.0,0.0,0.0
88608b0809fffff,2024-01-01,0.0,0.0,0.0,0.0
88608b080dfffff,2024-01-01,0.0,0.0,0.0,0.0
88608b0821fffff,2024-01-01,0.0,0.0,0.0,0.0
88608b0825fffff,2024-01-01,0.0,0.0,0.0,0.0
88608b0827fffff,2024-01-01,0.0,0.0,0.0,0.0
88608b0829fffff,2024-01-01,0.0,0.0,0.0,0.0
88608b082bfffff,2024-01-01,0.0,0.0,0.0,0.0
88608b082dfffff,2024-01-01,0.0,0.0,0.0,0.0
88608b0841fffff,2024-01-01,0.0,0.0,0.0,0.0
88608b0843fffff,2024-01-01,0.0,0.0,0.0,0.0
88608b0845fffff,2024-01-01,1.0,0.0,0.0,0.14285714285714285
88608b0847fffff,2024-01-01,0.0,0.0,0.0,0.0
88608b0849fffff,2024-01-01,0.0,0.0,0.0,0.0
88608b084bfffff,2024-01-01,0.0,0.0,0.0,0.0
88608b084dfffff,2024-01-01,0.0,0.0,0.0,0.0
88608b0855fffff,2024-01-01,0.0,0.0,1.0,0.0
88608b0859fffff,2024-01-01,0.0,0.0,0.0,0.0
88608b085dfffff,2024-01-01,0.0,0.0,0.0,0.0
88608b0861fffff,2024-01-01,0.0,0.0,0.0,0.0
88608b0863fffff,2024-01-01,0.0,0.0,0.0,0.0
88608b0865fffff,2024-01-01,0.0,0.0,0.0,0.14285714285714285
88608b0867fffff,2024-01-01,0.0,0.0,0.0,0.0
88608b0869fffff,2024-01-01,0.0,0.0,0.0,0.0
88608b086bfffff,2024-01-01,0.0,0.0,0.0,0.0
88608b086dfffff,2024-01-01,0.0,0.0,0.0,0.0
88608b0901fffff,2024-01-01,0.0,0.0,0.0,0.0
88608b0903fffff,2024-01-01,0.0,0.0,0.0,0.0
88608b0905fffff,2024-01-01,0.0,0.0,0.0,0.0
88608b0907fffff,2024-01-01,0.0,0.0,0.0,0.0
88608b0909fffff,2024-01-01,0.0,0.0,0.0,0.0
88608b090bfffff,2024-01-01,0.0,0.0,0.0,0.0
88608b090dfffff,2024-01-01,1.0,0.0,0.0,0.14285714285714285
88608b0911fffff,2024-01-01,0.0,0.0,0.0,0.0
88608b0913fffff,2024-01-01,0.0,0.0,0.0,0.0
88608b0915fffff,2024-01-01,0.0,0.0,0.0,0.0
88608b0917fffff,2024-01-01,0.0,0.0,0.0,0.0
88608b0919fffff,2024-01-01,0.0,0.0,0.0,0.0
88608b091bfffff,2024-01-01,0.0,0.0,0.0,0.0
88608b091dfffff,2024-01-01,0.0,0.0,0.0,0.0
88608b0921fffff,2024-01-01,0.0,0.0,0.0,0.0
88608b0923fffff,2024-01-01,0.0,0.0,0.0,0.0
88608b0925fffff,2024-01-01,0.0,0.0,0.0,0.0
88608b0927fffff,2024-01-01,0.0,0.0,0.0,0.0
88608b0929fffff,2024-01-01,0.0,0.0,0.0,0.0
88608b092bfffff,2024-01-01,1.0,0.0,0.0,0.14285714285714285
88608b092dfffff,2024-01-01,0.0,0.0,0.0,0.14285714285714285
88608b0931fffff,2024-01-01,0.0,0.0,0.0,0.0
88608b0933fffff,2024-01-01,0.0,0.0,0.0,0.0
88608b0935fffff,2024-01-01,0.0,0.0,0.0,0.14285714285714285
88608b0937fffff,2024-01-01,0.0,0.0,0.0,0.0
88608b0939fffff,2024-01-01,0.0,0.0,0.0,0.0
88608b093bfffff,2024-01-01,0.0,0.0,0.0,0.0
88608b093dfffff,2024-01-01,0.0,0.0,0.0,0.0
88608b0941fffff,2024-01-01,0.0,0.0,0.0,0.0
88608b0943fffff,2024-01-01,1.0,0.0,0.0,0.14285714285714285
88608b0945fffff,2024-01-01,0.0,0.0,0.0,0.0
88608b0947fffff,2024-01-01,0.0,0.0,0.0,0.0
88608b0949fffff,2024-01-01,0.0,0.0,0.0,0.0
88608b094bfffff,2024-01-01,0.0,0.0,0.0,0.0
88608b094dfffff,2024-01-01,0.0,0.0,0.0,0.0
88608b0951fffff,2024-01-01,0.0,0.0,0.0,0.0
88608b0953fffff,2024-01-01,1.0,0.0,0.0,0.14285714285714285
88608b0955fffff,2024-01-01,0.0,0.0,0.0,0.0
88608b0957fffff,2024-01-01,0.0,0.0,0.0,0.0
88608b0959fffff,2024-01-01,0.0,0.0,0.0,0.0
88608b095bfffff,2024-01-01,0.0,0.0,0.0,0.0
88608b095dfffff,2024-01-01,0.0,0.0,0.0,0.0
88608b0961fffff,2024-01-01,0.0,0.0,0.0,0.0
88608b0963fffff,2024-01-01,0.0,0.0,0.0,0.0
88608b0965fffff,2024-01-01,0.0,1.0,0.0,0.14285714285714285
88608b0967fffff,2024-01-01,0.0,0.0,0.0,0.0
88608b0969fffff,2024-01-01,0.0,0.0,0.0,0.0
88608b096bfffff,2024-01-01,0.0,0.0,0.0,0.0
88608b096dfffff,2024-01-01,0.0,0.0,0.0,0.0
88608b0a01fffff,2024-01-01,0.0,0.0,0.0,0.0
88608b0a03fffff,2024-01-01,0.0,0.0,0.0,0.0
88608b0a05fffff,2024-01-01,0.0,0.0,0.0,0.0
88608b0a07fffff,2024-01-01,0.0,0.0,0.0,0.0
88608b0a09fffff,2024-01-01,0.0,0.0,0.0,0.0
88608b0a0bfffff,2024-01-01,0.0,0.0,0.0,0.0
88608b0a0dfffff,2024-01-01,0.0,0.0,0.0,0.0
88608b0a11fffff,2024-01-01,0.0,0.0,0.0,0.0
88608b0a15fffff,2024-01-01,0.0,0.0,0.0,0.0
88608b0a17fffff,2024-01-01,0.0,0.0,0.0,0.0
88608b0a19fffff,2024-01-01,0.0,0.0,0.0,0.0
88608b0a1bfffff,2024-01-01,0.0,0.0,0.0,0.0
88608b0a1dfffff,2024-01-01,0.0,0.0,0.0,0.0
88608b0a21fffff,2024-01-01,1.0,0.0,0.0,0.14285714285714285
88608b0a23fffff,2024-01-01,0.0,0.0,0.0,0.0
88608b0a25fffff,2024-01-01,0.0,0.0,0.0,0.0
88608b0a27fffff,2024-01-01,0.0,0.0,0.0,0.0
88608b0a29fffff,2024-01-01,0.0,0.0,0.0,0.0
88608b0a2bfffff,2024-01-01,0.0,0.0,0.0,0.0
88608b0a2dfffff,2024-01-01,0.0,0.0,0.0,0.0
88608b0a31fffff,2024-01-01,0.0,0.0,0.0,0.0
88608b0a33fffff,2024-01-01,0.0,0.0,0.0,0.0
88608b0a35fffff,2024-01-01,0.0,0.0,0.0,0.0
88608b0a37fffff,2024-01-01,0.0,0.0,0.0,0.0
88608b0a39fffff,2024-01-01,0.0,0.0,0.0,0.0
88608b0a3bfffff,2024-01-01,0.0,0.0,0.0,0.0
88608b0a3dfffff,2024-01-01,0.0,0.0,0.0,0.0
88608b0a41fffff,2024-01-01,0.0,0.0,0.0,0.0
88608b0a43fffff,2024-01-01,0.0,0.0,0.0,0.0
88608b0a45fffff,2024-01-01,0.0,0.0,1.0,0.0
88608b0a47fffff,2024-01-01,0.0,0.0,0.0,0.2857142857142857
88608b0a49fffff,2024-01-01,0.0,0.0,0.0,0.0
88608b0a4bfffff,2024-01-01,0.0,0.0,0.0,0.2857142857142857
88608b0a4dfffff,2024-01-01,0.0,0.0,0.0,0.0
88608b0a51fffff,2024-01-01,0.0,0.0,0.0,0.0
88608b0a53fffff,2024-01-01,0.0,0.0,0.0,0.0
88608b0a55fffff,2024-01-01,0.0,0.0,0.0,0.0
88608b0a57fffff,2024-01-01,0.0,0.0,0.0,0.0
88608b0a59fffff,2024-01-01,0.0,0.0,0.0,0.0
88608b0a5bfffff,2024-01-01,0.0,0.0,0.0,0.0
88608b0a5dfffff,2024-01-01,0.0,0.0,0.0,0.14285714285714285
88608b0a61fffff,2024-01-01,0.0,0.0,0.0,0.0
88608b0a63fffff,2024-01-01,0.0,0.0,0.0,0.0
88608b0a65fffff,2024-01-01,0.0,0.0,0.0,0.0
88608b0a67fffff,2024-01-01,0.0,0.0,0.0,0.0
88608b0a69fffff,2024-01-01,0.0,0.0,0.0,0.0
88608b0a6bfffff,2024-01-01,1.0,0.0,0.0,0.14285714285714285
88608b0a6dfffff,2024-01-01,0.0,0.0,0.0,0.0
88608b0b01fffff,2024-01-01,0.0,0.0,0.0,0.0
88608b0b03fffff,2024-01-01,0.0,0.0,0.0,0.14285714285714285
88608b0b05fffff,2024-01-01,0.0,0.0,0.0,0.0
88608b0b07fffff,2024-01-01,0.0,0.0,0.0,0.0
88608b0b09fffff,2024-01-01,0.0,0.0,1.0,0.0
88608b0b0bfffff,2024-01-01,0.0,0.0,0.0,0.0
88608b0b0dfffff,2024-01-01,0.0,0.0,0.0,0.0
88608b0b11fffff,2024-01-01,0.0,1.0,0.0,0.14285714285714285
88608b0b13fffff,2024-01-01,0.0,0.0,0.0,0.0
88608b0b15fffff,2024-01-01,0.0,0.0,0.0,0.0
88608b0b17fffff,2024-01-01,0.0,0.0,0.0,0.14285714285714285
88608b0b19fffff,2024-01-01,0.0,0.0,0.0,0.0
88608b0b1bfffff,2024-01-01,0.0,0.0,0.0,0.0
88608b0b1dfffff,2024-01-01,0.0,0.0,0.0,0.0
88608b0b21fffff,2024-01-01,0.0,0.0,0.0,0.14285714285714285
88608b0b23fffff,2024-01-01,0.0,0.0,0.0,0.14285714285714285
88608b0b25fffff,2024-01-01,0.0,0.0,0.0,0.0
88608b0b27fffff,2024-01-01,0.0,0.0,0.0,0.0
88608b0b29fffff,2024-01-01,0.0,0.0,0.0,0.14285714285714285
88608b0b2bfffff,2024-01-01,0.0,0.0,0.0,0.0
88608b0b2dfffff,2024-01-01,1.0,0.0,0.0,0.14285714285714285
88608b0b31fffff,2024-01-01,0.0,0.0,0.0,0.0
88608b0b33fffff,2024-01-01,0.0,0.0,0.0,0.0
88608b0b35fffff,2024-01-01,0.0,0.0,0.0,0.0
88608b0b37fffff,2024-01-01,0.0,0.0,0.0,0.0
88608b0b39fffff,2024-01-01,0.0,0.0,0.0,0.0
88608b0b3bfffff,2024-01-01,0.0,0.0,0.0,0.0
88608b0b3dfffff,2024-01-01,0.0,0.0,0.0,0.0
88608b0b41fffff,2024-01-01,0.0,0.0,0.0,0.0
88608b0b43fffff,2024-01-01,0.0,0.0,0.0,0.0
88608b0b45fffff,2024-01-01,0.0,0.0,0.0,0.0
88608b0b47fffff,2024-01-01,0.0,0.0,0.0,0.0
88608b0b49fffff,2024-01-01,0.0,0.0,0.0,0.0
88608b0b4bfffff,2024-01-01,0.0,0.0,0.0,0.0
88608b0b4dfffff,2024-01-01,0.0,0.0,0.0,0.0
88608b0b51fffff,2024-01-01,1.0,0.0,0.0,0.2857142857142857
88608b0b53fffff,2024-01-01,0.0,0.0,0.0,0.14285714285714285
88608b0b55fffff,2024-01-01,0.0,0.0,0.0,0.0
88608b0b57fffff,2024-01-01,0.0,0.0,0.0,0.0
88608b0b59fffff,2024-01-01,0.0,0.0,0.0,0.0
88608b0b5bfffff,2024-01-01,0.0,0.0,0.0,0.14285714285714285
88608b0b5dfffff,2024-01-01,0.0,0.0,0.0,0.0
88608b0b61fffff,2024-01-01,0.0,0.0,0.0,0.0
88608b0b63fffff,2024-01-01,0.0,0.0,0.0,0.0
88608b0b65fffff,2024-01-01,0.0,0.0,0.0,0.0
88608b0b67fffff,2024-01-01,0.0,0.0,0.0,0.0
88608b0b69fffff,2024-01-01,0.0,0.0,0.0,0.0
88608b0b6bfffff,2024-01-01,0.0,0.0,0.0,0.0
88608b0b6dfffff,2024-01-01,0.0,0.0,0.0,0.0
88608b1125fffff,2024-01-01,0.0,0.0,0.0,0.0
88608b1127fffff,2024-01-01,0.0,0.0,0.0,0.0
88608b1801fffff,2024-01-01,0.0,0.0,0.0,0.0
88608b1803fffff,2024-01-01,0.0,0.0,0.0,0.0
88608b1805fffff,2024-01-01,0.0,0.0,0.0,0.0
88608b1807fffff,2024-01-01,0.0,0.0,1.0,0.0
88608b1809fffff,2024-01-01,0.0,0.0,0.0,0.0
88608b180bfffff,2024-01-01,0.0,0.0,0.0,0.0
88608b180dfffff,2024-01-01,0.0,0.0,0.0,0.0
88608b1811fffff,2024-01-01,0.0,0.0,0.0,0.0
88608b1813fffff,2024-01-01,0.0,0.0,0.0,0.0
88608b1815fffff,2024-01-01,0.0,0.0,0.0,0.0
88608b1817fffff,2024-01-01,0.0,0.0,0.0,0.0
88608b1819fffff,2024-01-01,0.0,0.0,0.0,0.0
88608b181bfffff,2024-01-01,0.0,0.0,0.0,0.0
88608b181dfffff,2024-01-01,0.0,0.0,0.0,0.0
88608b1821fffff,2024-01-01,0.0,0.0,0.0,0.14285714285714285
88608b1823fffff,2024-01-01,0.0,0.0,0.0,0.14285714285714285
88608b1825fffff,2024-01-01,0.0,0.0,0.0,0.0
88608b1827fffff,2024-01-01,0.0,0.0,0.0,0.0
88608b1829fffff,2024-01-01,0.0,0.0,0.0,0.14285714285714285
88608b182bfffff,2024-01-01,0.0,0.0,0.0,0.0
88608b182dfffff,2024-01-01,0.0,0.0,0.0,0.0
88608b1831fffff,2024-01-01,0.0,0.0,0.0,0.0
88608b1833fffff,2024-01-01,0.0,0.0,0.0,0.0
88608b1835fffff,2024-01-01,0.0,0.0,0.0,0.0
88608b1837fffff,2024-01-01,0.0,0.0,0.0,0.0
88608b1839fffff,2024-01-01,0.0,0.0,0.0,0.0
88608b183bfffff,2024-01-01,0.0,0.0,0.0,0.0
88608b183dfffff,2024-01-01,0.0,0.0,0.0,0.0
88608b1841fffff,2024-01-01,0.0,0.0,0.0,0.0
88608b1843fffff,2024-01-01,0.0,0.0,0.0,0.0
88608b1845fffff,2024-01-01,0.0,0.0,0.0,0.0
88608b1847fffff,2024-01-01,0.0,0.0,0.0,0.0
88608b1849fffff,2024-01-01,0.0,0.0,0.0,0.0
88608b184bfffff,2024-01-01,0.0,0.0,0.0,0.0
88608b184dfffff,2024-01-01,1.0,0.0,0.0,0.14285714285714285
88608b1851fffff,2024-01-01,0.0,0.0,0.0,0.0
88608b1853fffff,2024-01-01,0.0,0.0,0.0,0.0
88608b1855fffff,2024-01-01,0.0,0.0,0.0,0.0
88608b1857fffff,2024-01-01,0.0,0.0,0.0,0.0
88608b1859fffff,2024-01-01,0.0,0.0,0.0,0.0
88608b185bfffff,2024-01-01,0.0,0.0,0.0,0.14285714285714285
88608b185dfffff,2024-01-01,0.0,0.0,0.0,0.0
88608b1861fffff,2024-01-01,0.0,0.0,0.0,0.0
88608b1863fffff,2024-01-01,0.0,0.0,0.0,0.14285714285714285
88608b1865fffff,2024-01-01,0.0,0.0,0.0,0.0
88608b1867fffff,2024-01-01,0.0,0.0,0.0,0.0
88608b1869fffff,2024-01-01,0.0,0.0,0.0,0.0
88608b186bfffff,2024-01-01,0.0,0.0,0.0,0.0
88608b186dfffff,2024-01-01,0.0,0.0,0.0,0.0
88608b1881fffff,2024-01-01,0.0,0.0,0.0,0.0
88608b1883fffff,2024-01-01,0.0,0.0,0.0,0.0
88608b1885fffff,2024-01-01,0.0,0.0,0.0,0.0
88608b1887fffff,2024-01-01,0.0,0.0,0.0,0.0
88608b1889fffff,2024-01-01,0.0,0.0,1.0,0.0
88608b188bfffff,2024-01-01,0.0,0.0,0.0,0.0
88608b188dfffff,2024-01-01,0.0,0.0,0.0,0.14285714285714285
88608b1891fffff,2024-01-01,0.0,0.0,0.0,0.0
88608b1893fffff,2024-01-01,0.0,0.0,0.0,0.0
88608b1895fffff,2024-01-01,0.0,0.0,0.0,0.0
88608b1897fffff,2024-01-01,0.0,0.0,0.0,0.0
88608b1899fffff,2024-01-01,0.0,0.0,0.0,0.0
88608b189bfffff,2024-01-01,0.0,0.0,0.0,0.0
88608b189dfffff,2024-01-01,0.0,0.0,0.0,0.0
88608b18a1fffff,2024-01-01,0.0,0.0,0.0,0.0
88608b18a3fffff,2024-01-01,0.0,0.0,0.0,0.0
88608b18a5fffff,2024-01-01,0.0,0.0,0.0,0.0
88608b18a7fffff,2024-01-01,0.0,0.0,0.0,0.0
88608b18a9fffff,2024-01-01,0.0,0.0,0.0,0.0
88608b18abfffff,2024-01-01,0.0,0.0,0.0,0.0
88608b18adfffff,2024-01-01,0.0,0.0,0.0,0.0
88608b18b1fffff,2024-01-01,0.0,0.0,0.0,0.0
88608b18b3fffff,2024-01-01,0.0,0.0,0.0,0.0
88608b18b5fffff,2024-01-01,0.0,0.0,0.0,0.0
88608b18b7fffff,2024-01-01,0.0,0.0,0.0,0.0
88608b18b9fffff,2024-01-01,0.0,0.0,0.0,0.0
88608b18bbfffff,2024-01-01,0.0,0.0,0.0,0.0
88608b18bdfffff,2024-01-01,0.0,0.0,0.0,0.0
88608b18c1fffff,2024-01-01,0.0,0.0,0.0,0.0
88608b18c3fffff,2024-01-01,0.0,0.0,0.0,0.0
88608b18c5fffff,2024-01-01,0.0,0.0,0.0,0.0
88608b18c7fffff,2024-01-01,0.0,0.0,0.0,0.0
88608b18c9fffff,2024-01-01,0.0,0.0,0.0,0.0
88608b18cbfffff,2024-01-01,0.0,0.0,0.0,0.0
88608b18cdfffff,2024-01-01,0.0,0.0,0.0,0.0
88608b18d1fffff,2024-01-01,0.0,0.0,0.0,0.0
88608b18d3fffff,2024-01-01,0.0,0.0,0.0,0.0
88608b18d5fffff,2024-01-01,0.0,0.0,0.0,0.0
88608b18d7fffff,2024-01-01,0.0,0.0,0.0,0.0
88608b18d9fffff,2024-01-01,0.0,0.0,0.0,0.0
88608b18dbfffff,2024-01-01,0.0,0.0,0.0,0.0
88608b18ddfffff,2024-01-01,0.0,0.0,0.0,0.0
88608b18e1fffff,2024-01-01,0.0,0.0,0.0,0.0
88608b18e3fffff,2024-01-01,0.0,0.0,0.0,0.0
88608b18e5fffff,2024-01-01,0.0,0.0,0.0,0.0
88608b18e7fffff,2024-01-01,0.0,0.0,0.0,0.0
88608b18e9fffff,2024-01-01,0.0,0.0,0.0,0.0
88608b18ebfffff,2024-01-01,0.0,0.0,0.0,0.0
88608b18edfffff,2024-01-01,0.0,0.0,0.0,0.0
88608b1901fffff,2024-01-01,0.0,0.0,0.0,0.0
88608b1903fffff,2024-01-01,0.0,0.0,0.0,0.0
88608b1905fffff,2024-01-01,0.0,0.0,0.0,0.0
88608b1907fffff,2024-01-01,0.0,0.0,0.0,0.0
88608b1909fffff,2024-01-01,1.0,0.0,0.0,0.14285714285714285
88608b190bfffff,2024-01-01,0.0,0.0,0.0,0.0
88608b190dfffff,2024-01-01,0.0,0.0,0.0,0.0
88608b1911fffff,2024-01-01,0.0,0.0,0.0,0.0
88608b1913fffff,2024-01-01,0.0,0.0,0.0,0.0
88608b1915fffff,2024-01-01,0.0,0.0,0.0,0.0
88608b1917fffff,2024-01-01,0.0,0.0,0.0,0.0
88608b1919fffff,2024-01-01,0.0,0.0,0.0,0.0
88608b191bfffff,2024-01-01,0.0,0.0,0.0,0.0
88608b191dfffff,2024-01-01,0.0,0.0,0.0,0.0
88608b1921fffff,2024-01-01,0.0,0.0,0.0,0.0
88608b1923fffff,2024-01-01,0.0,0.0,0.0,0.0
88608b1925fffff,2024-01-01,0.0,0.0,0.0,0.0
88608b1927fffff,2024-01-01,0.0,0.0,0.0,0.0
88608b1929fffff,2024-01-01,0.0,0.0,0.0,0.0
88608b192bfffff,2024-01-01,0.0,0.0,0.0,0.0
88608b192dfffff,2024-01-01,0.0,0.0,0.0,0.0
88608b1931fffff,2024-01-01,0.0,0.0,0.0,0.0
88608b1933fffff,2024-01-01,0.0,0.0,0.0,0.14285714285714285
88608b1935fffff,2024-01-01,0.0,0.0,0.0,0.14285714285714285
88608b1937fffff,2024-01-01,0.0,0.0,0.0,0.0
88608b1939fffff,2024-01-01,0.0,0.0,0.0,0.0
88608b193bfffff,2024-01-01,0.0,0.0,0.0,0.0
88608b193dfffff,2024-01-01,0.0,0.0,0.0,0.0
88608b1941fffff,2024-01-01,0.0,0.0,0.0,0.0
88608b1943fffff,2024-01-01,0.0,0.0,0.0,0.0
88608b1945fffff,2024-01-01,0.0,0.0,0.0,0.0
88608b1947fffff,2024-01-01,0.0,0.0,0.0,0.14285714285714285
88608b1949fffff,2024-01-01,0.0,0.0,0.0,0.14285714285714285
88608b194bfffff,2024-01-01,0.0,0.0,0.0,0.0
88608b194dfffff,2024-01-01,0.0,0.0,0.0,0.0
88608b1951fffff,2024-01-01,0.0,0.0,0.0,0.0
88608b1953fffff,2024-01-01,0.0,0.0,0.0,0.0
88608b1955fffff,2024-01-01,0.0,1.0,0.0,0.14285714285714285
88608b1957fffff,2024-01-01,0.0,0.0,0.0,0.0
88608b1959fffff,2024-01-01,0.0,0.0,0.0,0.0
88608b195bfffff,2024-01-01,0.0,0.0,0.0,0.0
88608b195dfffff,2024-01-01,0.0,0.0,0.0,0.0
88608b1961fffff,2024-01-01,0.0,1.0,0.0,0.14285714285714285
88608b1963fffff,2024-01-01,0.0,0.0,0.0,0.14285714285714285
88608b1965fffff,2024-01-01,0.0,0.0,0.0,0.0
88608b1967fffff,2024-01-01,0.0,0.0,0.0,0.0
88608b1969fffff,2024-01-01,0.0,0.0,0.0,0.0
88608b196bfffff,2024-01-01,0.0,0.0,0.0,0.0
88608b196dfffff,2024-01-01,0.0,0.0,0.0,0.0
88608b1981fffff,2024-01-01,0.0,0.0,0.0,0.0
88608b1983fffff,2024-01-01,0.0,0.0,0.0,0.0
88608b1985fffff,2024-01-01,0.0,0.0,0.0,0.0
88608b1987fffff,2024-01-01,0.0,0.0,0.0,0.0
88608b1989fffff,2024-01-01,0.0,0.0,0.0,0.0
88608b198bfffff,2024-01-01,0.0,0.0,0.0,0.0
88608b198dfffff,2024-01-01,0.0,0.0,0.0,0.0
88608b1991fffff,2024-01-01,0.0,0.0,0.0,0.0
88608b1993fffff,2024-01-01,0.0,0.0,0.0,0.0
88608b1995fffff,2024-01-01,0.0,0.0,0.0,0.0
88608b1997fffff,2024-01-01,0.0,0.0,0.0,0.0
88608b1999fffff,2024-01-01,0.0,0.0,0.0,0.0
88608b199bfffff,2024-01-01,0.0,0.0,0.0,0.0
88608b199dfffff,2024-01-01,0.0,0.0,0.0,0.0
88608b19a1fffff,2024-01-01,0.0,0.0,0.0,0.0
88608b19a3fffff,2024-01-01,0.0,0.0,0.0,0.0
88608b19a5fffff,2024-01-01,0.0,0.0,0.0,0.14285714285714285
88608b19a7fffff,2024-01-01,0.0,0.0,0.0,0.0
88608b19a9fffff,2024-01-01,0.0,0.0,0.0,0.0
88608b19abfffff,2024-01-01,0.0,0.0,0.0,0.0
88608b19adfffff,2024-01-01,0.0,0.0,0.0,0.0
88608b19b1fffff,2024-01-01,0.0,0.0,0.0,0.0
88608b19b3fffff,2024-01-01,0.0,0.0,0.0,0.0
88608b19b5fffff,2024-01-01,0.0,0.0,0.0,0.0
88608b19b7fffff,2024-01-01,0.0,0.0,0.0,0.0
88608b19b9fffff,2024-01-01,0.0,0.0,0.0,0.0
88608b19bbfffff,2024-01-01,0.0,0.0,0.0,0.0
88608b19bdfffff,2024-01-01,0.0,0.0,0.0,0.0
88608b19c1fffff,2024-01-01,0.0,0.0,0.0,0.0
88608b19c3fffff,2024-01-01,0.0,0.0,0.0,0.0
88608b19c5fffff,2024-01-01,0.0,0.0,0.0,0.0
88608b19c7fffff,2024-01-01,0.0,0.0,0.0,0.0
88608b19c9fffff,2024-01-01,0.0,0.0,0.0,0.0
88608b19cbfffff,2024-01-01,0.0,0.0,0.0,0.0
88608b19cdfffff,2024-01-01,0.0,0.0,0.0,0.0
88608b19d1fffff,2024-01-01,0.0,0.0,0.0,0.0
88608b19d3fffff,2024-01-01,1.0,0.0,0.0,0.14285714285714285
88608b19d5fffff,2024-01-01,0.0,1.0,0.0,0.14285714285714285
88608b19d7fffff,2024-01-01,0.0,0.0,0.0,0.0
88608b19d9fffff,2024-01-01,0.0,0.0,0.0,0.0
88608b19dbfffff,2024-01-01,0.0,0.0,0.0,0.0
88608b19ddfffff,2024-01-01,0.0,0.0,0.0,0.0
88608b19e1fffff,2024-01-01,0.0,0.0,0.0,0.0
88608b19e3fffff,2024-01-01,0.0,0.0,0.0,0.0
88608b19e5fffff,2024-01-01,1.0,0.0,0.0,0.14285714285714285
88608b19e7fffff,2024-01-01,0.0,0.0,0.0,0.0
88608b19e9fffff,2024-01-01,0.0,0.0,0.0,0.0
88608b19ebfffff,2024-01-01,0.0,0.0,0.0,0.0
88608b19edfffff,2024-01-01,0.0,0.0,0.0,0.0
88608b1a01fffff,2024-01-01,0.0,0.0,0.0,0.0
88608b1a03fffff,2024-01-01,0.0,0.0,1.0,0.0
88608b1a05fffff,2024-01-01,0.0,0.0,0.0,0.0
88608b1a07fffff,2024-01-01,0.0,0.0,0.0,0.0
88608b1a09fffff,2024-01-01,0.0,0.0,0.0,0.0
88608b1a0bfffff,2024-01-01,0.0,0.0,0.0,0.0
88608b1a0dfffff,2024-01-01,0.0,0.0,0.0,0.0
88608b1a11fffff,2024-01-01,0.0,0.0,0.0,0.0
88608b1a13fffff,2024-01-01,0.0,0.0,0.0,0.0
88608b1a15fffff,2024-01-01,0.0,0.0,0.0,0.0
88608b1a17fffff,2024-01-01,0.0,0.0,0.0,0.0
88608b1a19fffff,2024-01-01,0.0,0.0,0.0,0.0
88608b1a1bfffff,2024-01-01,0.0,0.0,0.0,0.0
88608b1a1dfffff,2024-01-01,0.0,0.0,0.0,0.0
88608b1a21fffff,2024-01-01,0.0,0.0,0.0,0.0
88608b1a23fffff,2024-01-01,0.0,0.0,0.0,0.0
88608b1a25fffff,2024-01-01,0.0,0.0,0.0,0.0
88608b1a27fffff,2024-01-01,0.0,0.0,0.0,0.0
88608b1a29fffff,2024-01-01,0.0,0.0,0.0,0.0
88608b1a2bfffff,2024-01-01,0.0,0.0,0.0,0.0
88608b1a2dfffff,2024-01-01,0.0,0.0,0.0,0.14285714285714285
88608b1a31fffff,2024-01-01,0.0,0.0,0.0,0.0
88608b1a33fffff,2024-01-01,0.0,0.0,0.0,0.0
88608b1a35fffff,2024-01-01,0.0,0.0,0.0,0.0
88608b1a37fffff,2024-01-01,0.0,0.0,0.0,0.0
88608b1a39fffff,2024-01-01,0.0,0.0,0.0,0.14285714285714285
88608b1a3bfffff,2024-01-01,0.0,0.0,0.0,0.0
88608b1a3dfffff,2024-01-01,0.0,0.0,0.0,0.0
88608b1a41fffff,2024-01-01,0.0,0.0,0.0,0.0
88608b1a43fffff,2024-01-01,0.0,0.0,0.0,0.0
88608b1a45fffff,2024-01-01,0.0,1.0,0.0,0.14285714285714285
88608b1a47fffff,2024-01-01,0.0,0.0,0.0,0.0
88608b1a49fffff,2024-01-01,0.0,0.0,0.0,0.0
88608b1a4bfffff,2024-01-01,0.0,0.0,0.0,0.0
88608b1a4dfffff,2024-01-01,0.0,0.0,0.0,0.0
88608b1a51fffff,2024-01-01,0.0,0.0,0.0,0.0
88608b1a53fffff,2024-01-01,0.0,0.0,0.0,0.0
88608b1a55fffff,2024-01-01,0.0,0.0,0.0,0.0
88608b1a57fffff,2024-01-01,0.0,0.0,0.0,0.0
88608b1a5dfffff,2024-01-01,0.0,0.0,0.0,0.0
88608b1a61fffff,2024-01-01,0.0,0.0,0.0,0.0
88608b1a63fffff,2024-01-01,0.0,0.0,0.0,0.0
88608b1a65fffff,2024-01-01,0.0,0.0,0.0,0.0
88608b1a67fffff,2024-01-01,0.0,0.0,0.0,0.0
88608b1a69fffff,2024-01-01,0.0,0.0,0.0,0.0
88608b1a6bfffff,2024-01-01,0.0,0.0,0.0,0.0
88608b1a6dfffff,2024-01-01,0.0,0.0,0.0,0.0
88608b1a81fffff,2024-01-01,0.0,0.0,0.0,0.0
88608b1a83fffff,2024-01-01,0.0,0.0,0.0,0.0
88608b1a85fffff,2024-01-01,0.0,0.0,0.0,0.0
88608b1a87fffff,2024-01-01,0.0,0.0,0.0,0.0
88608b1a89fffff,2024-01-01,0.0,0.0,0.0,0.0
88608b1a8bfffff,2024-01-01,0.0,0.0,0.0,0.0
88608b1a8dfffff,2024-01-01,0.0,0.0,0.0,0.0
88608b1a91fffff,2024-01-01,0.0,0.0,0.0,0.0
88608b1a93fffff,2024-01-01,0.0,0.0,0.0,0.0
88608b1a95fffff,2024-01-01,0.0,0.0,0.0,0.0
88608b1a97fffff,2024-01-01,0.0,0.0,0.0,0.0
88608b1a99fffff,2024-01-01,0.0,0.0,0.0,0.0
88608b1a9bfffff,2024-01-01,0.0,0.0,0.0,0.0
88608b1a9dfffff,2024-01-01,0.0,0.0,0.0,0.0
88608b1aa1fffff,2024-01-01,0.0,0.0,0.0,0.0
88608b1aa3fffff,2024-01-01,0.0,0.0,0.0,0.0
88608b1aa5fffff,2024-01-01,0.0,0.0,0.0,0.0
88608b1aa7fffff,2024-01-01,0.0,0.0,0.0,0.0
88608b1aa9fffff,2024-01-01,0.0,0.0,0.0,0.0
88608b1aabfffff,2024-01-01,0.0,0.0,0.0,0.0
88608b1aadfffff,2024-01-01,0.0,0.0,0.0,0.0
88608b1ab1fffff,2024-01-01,0.0,0.0,0.0,0.0
88608b1ab3fffff,2024-01-01,0.0,0.0,0.0,0.0
88608b1ab5fffff,2024-01-01,0.0,0.0,0.0,0.0
88608b1ab7fffff,2024-01-01,0.0,0.0,0.0,0.0
88608b1ab9fffff,2024-01-01,0.0,0.0,0.0,0.0
88608b1abbfffff,2024-01-01,0.0,0.0,0.0,0.0
88608b1abdfffff,2024-01-01,0.0,0.0,0.0,0.0
88608b1ac1fffff,2024-01-01,1.0,0.0,0.0,0.14285714285714285
88608b1ac3fffff,2024-01-01,0.0,0.0,0.0,0.0
88608b1ac5fffff,2024-01-01,0.0,0.0,0.0,0.0
88608b1ac7fffff,2024-01-01,0.0,0.0,0.0,0.0
88608b1ac9fffff,2024-01-01,0.0,0.0,0.0,0.0
88608b1acbfffff,2024-01-01,0.0,0.0,0.0,0.0
88608b1acdfffff,2024-01-01,0.0,0.0,0.0,0.0
88608b1ad5fffff,2024-01-01,0.0,0.0,0.0,0.0
88608b1ad7fffff,2024-01-01,0.0,0.0,0.0,0.0
88608b1addfffff,2024-01-01,0.0,0.0,0.0,0.0
88608b1ae1fffff,2024-01-01,0.0,0.0,0.0,0.0
88608b1ae3fffff,2024-01-01,0.0,0.0,0.0,0.0
88608b1ae5fffff,2024-01-01,0.0,0.0,0.0,0.0
88608b1ae7fffff,2024-01-01,0.0,0.0,0.0,0.0
88608b1ae9fffff,2024-01-01,0.0,0.0,0.0,0.0
88608b1aebfffff,2024-01-01,0.0,0.0,0.0,0.0
88608b1aedfffff,2024-01-01,0.0,0.0,0.0,0.0
88608b1b01fffff,2024-01-01,0.0,0.0,0.0,0.14285714285714285
88608b1b03fffff,2024-01-01,0.0,0.0,0.0,0.0
88608b1b05fffff,2024-01-01,0.0,0.0,0.0,0.0
88608b1b07fffff,2024-01-01,0.0,0.0,0.0,0.0
88608b1b09fffff,2024-01-01,0.0,0.0,0.0,0.0
88608b1b0bfffff,2024-01-01,0.0,0.0,0.0,0.0
88608b1b0dfffff,2024-01-01,0.0,0.0,0.0,0.14285714285714285
88608b1b11fffff,2024-01-01,0.0,0.0,0.0,0.0
88608b1b13fffff,2024-01-01,0.0,0.0,0.0,0.0
88608b1b15fffff,2024-01-01,0.0,0.0,0.0,0.0
88608b1b17fffff,2024-01-01,0.0,0.0,0.0,0.0
88608b1b19fffff,2024-01-01,0.0,0.0,0.0,0.14285714285714285
88608b1b1bfffff,2024-01-01,0.0,0.0,0.0,0.0
88608b1b1dfffff,2024-01-01,0.0,0.0,0.0,0.0
88608b1b21fffff,2024-01-01,0.0,0.0,0.0,0.0
88608b1b23fffff,2024-01-01,0.0,0.0,0.0,0.0
88608b1b25fffff,2024-01-01,0.0,0.0,0.0,0.0
88608b1b27fffff,2024-01-01,0.0,0.0,0.0,0.0
88608b1b29fffff,2024-01-01,0.0,0.0,0.0,0.0
88608b1b2bfffff,2024-01-01,0.0,0.0,0.0,0.0
88608b1b2dfffff,2024-01-01,0.0,0.0,0.0,0.0
88608b1b31fffff,2024-01-01,0.0,0.0,0.0,0.0
88608b1b33fffff,2024-01-01,0.0,0.0,0.0,0.0
88608b1b35fffff,2024-01-01,0.0,0.0,0.0,0.0
88608b1b37fffff,2024-01-01,0.0,0.0,0.0,0.0
88608b1b39fffff,2024-01-01,0.0,0.0,0.0,0.0
88608b1b3bfffff,2024-01-01,0.0,0.0,0.0,0.0
88608b1b3dfffff,2024-01-01,0.0,0.0,0.0,0.0
88608b1b41fffff,2024-01-01,0.0,0.0,0.0,0.14285714285714285
88608b1b43fffff,2024-01-01,0.0,0.0,0.0,0.0
88608b1b45fffff,2024-01-01,0.0,0.0,0.0,0.0
88608b1b47fffff,2024-01-01,0.0,0.0,0.0,0.0
88608b1b49fffff,2024-01-01,0.0,0.0,0.0,0.0
88608b1b4bfffff,2024-01-01,0.0,0.0,0.0,0.0
88608b1b4dfffff,2024-01-01,0.0,0.0,0.0,0.0
88608b1b51fffff,2024-01-01,0.0,0.0,0.0,0.0
88608b1b53fffff,2024-01-01,0.0,0.0,0.0,0.0
88608b1b55fffff,2024-01-01,0.0,0.0,0.0,0.0
88608b1b57fffff,2024-01-01,0.0,0.0,0.0,0.0
88608b1b59fffff,2024-01-01,0.0,0.0,0.0,0.0
88608b1b5bfffff,2024-01-01,0.0,1.0,0.0,0.14285714285714285
88608b1b5dfffff,2024-01-01,0.0,0.0,0.0,0.0
88608b1b61fffff,2024-01-01,0.0,0.0,0.0,0.0
88608b1b63fffff,2024-01-01,0.0,0.0,0.0,0.0
88608b1b65fffff,2024-01-01,0.0,0.0,0.0,0.14285714285714285
88608b1b67fffff,2024-01-01,0.0,0.0,0.0,0.0
88608b1b69fffff,2024-01-01,0.0,0.0,0.0,0.0
88608b1b6bfffff,2024-01-01,0.0,0.0,0.0,0.0
88608b1b6dfffff,2024-01-01,0.0,0.0,0.0,0.0
88608b4001fffff,2024-01-01,0.0,0.0,0.0,0.0
88608b4003fffff,2024-01-01,0.0,0.0,0.0,0.0
88608b4005fffff,2024-01-01,0.0,1.0,0.0,0.14285714285714285
88608b4007fffff,2024-01-01,0.0,0.0,0.0,0.0
88608b4009fffff,2024-01-01,0.0,0.0,0.0,0.14285714285714285
88608b400bfffff,2024-01-01,0.0,0.0,0.0,0.0
88608b400dfffff,2024-01-01,0.0,0.0,0.0,0.0
88608b4011fffff,2024-01-01,0.0,0.0,0.0,0.0
88608b4013fffff,2024-01-01,0.0,0.0,0.0,0.0
88608b4015fffff,2024-01-01,0.0,0.0,0.0,0.0
88608b4017fffff,2024-01-01,0.0,0.0,0.0,0.0
88608b4019fffff,2024-01-01,0.0,0.0,0.0,0.0
88608b401bfffff,2024-01-01,0.0,0.0,0.0,0.0
88608b401dfffff,2024-01-01,0.0,0.0,0.0,0.0
88608b4021fffff,2024-01-01,0.0,0.0,0.0,0.0
88608b4023fffff,2024-01-01,0.0,0.0,0.0,0.0
88608b4025fffff,2024-01-01,0.0,0.0,0.0,0.0
88608b4027fffff,2024-01-01,0.0,0.0,0.0,0.0
88608b4029fffff,2024-01-01,0.0,0.0,0.0,0.0
88608b402bfffff,2024-01-01,0.0,0.0,0.0,0.0
88608b402dfffff,2024-01-01,0.0,0.0,0.0,0.0
88608b4031fffff,2024-01-01,0.0,0.0,0.0,0.0
88608b4033fffff,2024-01-01,0.0,0.0,0.0,0.0
88608b4035fffff,2024-01-01,0.0,0.0,0.0,0.0
88608b4037fffff,2024-01-01,0.0,0.0,0.0,0.0
88608b4039fffff,2024-01-01,0.0,0.0,0.0,0.0
88608b403bfffff,2024-01-01,0.0,0.0,0.0,0.14285714285714285
88608b403dfffff,2024-01-01,0.0,0.0,0.0,0.0
88608b4041fffff,2024-01-01,0.0,0.0,0.0,0.0
88608b4043fffff,2024-01-01,0.0,0.0,0.0,0.14285714285714285
88608b4045fffff,2024-01-01,0.0,0.0,0.0,0.0
88608b4047fffff,2024-01-01,0.0,0.0,0.0,0.0
88608b4049fffff,2024-01-01,1.0,0.0,0.0,0.2857142857142857
88608b404bfffff,2024-01-01,0.0,0.0,0.0,0.0
88608b404dfffff,2024-01-01,0.0,0.0,0.0,0.0
88608b4051fffff,2024-01-01,0.0,0.0,0.0,0.0
88608b4053fffff,2024-01-01,0.0,0.0,0.0,0.14285714285714285
88608b4055fffff,2024-01-01,0.0,0.0,0.0,0.0
88608b4057fffff,2024-01-01,0.0,0.0,0.0,0.0
88608b4059fffff,2024-01-01,0.0,0.0,0.0,0.0
88608b405bfffff,2024-01-01,0.0,0.0,0.0,0.14285714285714285
88608b405dfffff,2024-01-01,0.0,0.0,0.0,0.0
88608b4061fffff,2024-01-01,0.0,0.0,0.0,0.0
88608b4063fffff,2024-01-01,0.0,0.0,0.0,0.0
88608b4065fffff,2024-01-01,0.0,0.0,0.0,0.0
88608b4067fffff,2024-01-01,0.0,0.0,0.0,0.0
88608b4069fffff,2024-01-01,0.0,0.0,0.0,0.14285714285714285
88608b406bfffff,2024-01-01,0.0,0.0,0.0,0.0
88608b406dfffff,2024-01-01,0.0,0.0,0.0,0.0
88608b4081fffff,2024-01-01,0.0,0.0,0.0,0.14285714285714285
88608b4083fffff,2024-01-01,0.0,0.0,0.0,0.14285714285714285
88608b4085fffff,2024-01-01,0.0,0.0,0.0,0.14285714285714285
88608b4087fffff,2024-01-01,0.0,0.0,0.0,0.0
88608b4089fffff,2024-01-01,0.0,0.0,0.0,0.0
88608b408bfffff,2024-01-01,0.0,0.0,0.0,0.0
88608b408dfffff,2024-01-01,0.0,0.0,0.0,0.0
88608b4091fffff,2024-01-01,0.0,0.0,0.0,0.0
88608b4093fffff,2024-01-01,0.0,0.0,0.0,0.0
88608b4095fffff,2024-01-01,0.0,0.0,0.0,0.0
88608b4097fffff,2024-01-01,0.0,0.0,0.0,0.0
88608b4099fffff,2024-01-01,0.0,0.0,0.0,0.0
88608b409bfffff,2024-01-01,0.0,0.0,0.0,0.0
88608b409dfffff,2024-01-01,0.0,0.0,0.0,0.0
88608b40a1fffff,2024-01-01,0.0,0.0,0.0,0.0
88608b40a3fffff,2024-01-01,0.0,0.0,0.0,0.0
88608b40a5fffff,2024-01-01,0.0,0.0,0.0,0.0
88608b40a7fffff,2024-01-01,0.0,0.0,0.0,0.0
88608b40a9fffff,2024-01-01,0.0,0.0,0.0,0.0
88608b40abfffff,2024-01-01,0.0,0.0,0.0,0.0
88608b40adfffff,2024-01-01,0.0,0.0,0.0,0.14285714285714285
88608b40b1fffff,2024-01-01,0.0,0.0,0.0,0.0
88608b40b3fffff,2024-01-01,0.0,0.0,0.0,0.0
88608b40b5fffff,2024-01-01,0.0,0.0,0.0,0.0
88608b40b7fffff,2024-01-01,0.0,0.0,0.0,0.0
88608b40b9fffff,2024-01-01,0.0,0.0,0.0,0.0
88608b40bbfffff,2024-01-01,0.0,0.0,0.0,0.0
88608b40bdfffff,2024-01-01,0.0,0.0,0.0,0.0
88608b40c1fffff,2024-01-01,0.0,0.0,0.0,0.0
88608b40c3fffff,2024-01-01,0.0,0.0,0.0,0.14285714285714285
88608b40c5fffff,2024-01-01,0.0,0.0,0.0,0.0
88608b40c7fffff,2024-01-01,0.0,0.0,0.0,0.0
88608b40c9fffff,2024-01-01,0.0,0.0,0.0,0.0
88608b40cbfffff,2024-01-01,0.0,0.0,0.0,0.0
88608b40cdfffff,2024-01-01,0.0,0.0,0.0,0.0
88608b40d1fffff,2024-01-01,0.0,0.0,0.0,0.14285714285714285
88608b40d3fffff,2024-01-01,0.0,1.0,0.0,0.14285714285714285
88608b40d5fffff,2024-01-01,0.0,0.0,0.0,0.0
88608b40d7fffff,2024-01-01,0.0,0.0,0.0,0.0
88608b40d9fffff,2024-01-01,0.0,0.0,0.0,0.0
88608b40dbfffff,2024-01-01,0.0,1.0,0.0,0.14285714285714285
88608b40ddfffff,2024-01-01,0.0,0.0,0.0,0.0
88608b40e1fffff,2024-01-01,0.0,0.0,0.0,0.0
88608b40e3fffff,2024-01-01,0.0,0.0,0.0,0.0
88608b40e5fffff,2024-01-01,0.0,0.0,0.0,0.0
88608b40e7fffff,2024-01-01,0.0,0.0,0.0,0.0
88608b40e9fffff,2024-01-01,0.0,0.0,0.0,0.0
88608b40ebfffff,2024-01-01,0.0,0.0,0.0,0.0
88608b40edfffff,2024-01-01,0.0,0.0,0.0,0.0
88608b4151fffff,2024-01-01,0.0,0.0,0.0,0.0
88608b4153fffff,2024-01-01,0.0,0.0,0.0,0.0
88608b4159fffff,2024-01-01,0.0,0.0,0.0,0.14285714285714285
88608b415bfffff,2024-01-01,0.0,0.0,0.0,0.0
88608b415dfffff,2024-01-01,0.0,0.0,0.0,0.0
88608b41c9fffff,2024-01-01,0.0,0.0,0.0,0.0
88608b41cbfffff,2024-01-01,0.0,0.0,0.0,0.0
88608b41d1fffff,2024-01-01,0.0,0.0,0.0,0.0
88608b41d3fffff,2024-01-01,0.0,0.0,0.0,0.0
88608b41d9fffff,2024-01-01,0.0,0.0,0.0,0.0
88608b41dbfffff,2024-01-01,0.0,0.0,0.0,0.0
88608b41ddfffff,2024-01-01,0.0,0.0,0.0,0.0
88608b4201fffff,2024-01-01,0.0,0.0,0.0,0.0
88608b4203fffff,2024-01-01,0.0,0.0,0.0,0.0
88608b4205fffff,2024-01-01,0.0,0.0,0.0,0.0
88608b4207fffff,2024-01-01,0.0,0.0,0.0,0.0
88608b4209fffff,2024-01-01,0.0,0.0,0.0,0.0
88608b420bfffff,2024-01-01,0.0,0.0,0.0,0.0
88608b4211fffff,2024-01-01,0.0,0.0,0.0,0.0
88608b4213fffff,2024-01-01,0.0,0.0,0.0,0.14285714285714285
88608b4215fffff,2024-01-01,0.0,0.0,0.0,0.0
88608b4217fffff,2024-01-01,1.0,0.0,0.0,0.14285714285714285
88608b4219fffff,2024-01-01,0.0,0.0,0.0,0.0
88608b421bfffff,2024-01-01,0.0,0.0,0.0,0.0
88608b421dfffff,2024-01-01,0.0,0.0,0.0,0.0
88608b4221fffff,2024-01-01,0.0,0.0,0.0,0.0
88608b4223fffff,2024-01-01,0.0,0.0,0.0,0.0
88608b4227fffff,2024-01-01,0.0,0.0,0.0,0.0
88608b422bfffff,2024-01-01,0.0,0.0,0.0,0.0
88608b4231fffff,2024-01-01,0.0,0.0,0.0,0.0
88608b4233fffff,2024-01-01,0.0,0.0,0.0,0.0
88608b4235fffff,2024-01-01,0.0,0.0,0.0,0.0
88608b4237fffff,2024-01-01,0.0,0.0,0.0,0.0
88608b4239fffff,2024-01-01,0.0,0.0,0.0,0.0
88608b423bfffff,2024-01-01,0.0,0.0,0.0,0.14285714285714285
88608b423dfffff,2024-01-01,0.0,0.0,0.0,0.0
88608b4251fffff,2024-01-01,0.0,0.0,0.0,0.0
88608b4253fffff,2024-01-01,0.0,0.0,0.0,0.0
88608b4255fffff,2024-01-01,0.0,0.0,0.0,0.0
88608b4257fffff,2024-01-01,0.0,0.0,0.0,0.0
88608b4259fffff,2024-01-01,0.0,0.0,0.0,0.0
88608b425bfffff,2024-01-01,0.0,0.0,0.0,0.0
88608b425dfffff,2024-01-01,0.0,0.0,0.0,0.0
88608b4281fffff,2024-01-01,0.0,0.0,0.0,0.0
88608b4283fffff,2024-01-01,0.0,0.0,0.0,0.0
88608b4285fffff,2024-01-01,0.0,0.0,0.0,0.0
88608b4287fffff,2024-01-01,0.0,0.0,0.0,0.0
88608b4289fffff,2024-01-01,0.0,0.0,0.0,0.0
88608b428bfffff,2024-01-01,0.0,0.0,0.0,0.0
88608b428dfffff,2024-01-01,0.0,0.0,0.0,0.0
88608b4291fffff,2024-01-01,0.0,0.0,0.0,0.0
88608b4293fffff,2024-01-01,0.0,0.0,0.0,0.0
88608b4295fffff,2024-01-01,0.0,0.0,0.0,0.14285714285714285
88608b4297fffff,2024-01-01,0.0,0.0,0.0,0.0
88608b4299fffff,2024-01-01,0.0,0.0,0.0,0.14285714285714285
88608b429bfffff,2024-01-01,0.0,0.0,0.0,0.0
88608b429dfffff,2024-01-01,0.0,0.0,0.0,0.0
88608b42a1fffff,2024-01-01,0.0,0.0,0.0,0.0
88608b42a3fffff,2024-01-01,0.0,0.0,0.0,0.0
88608b42a5fffff,2024-01-01,0.0,0.0,0.0,0.0
88608b42a7fffff,2024-01-01,0.0,0.0,0.0,0.0
88608b42a9fffff,2024-01-01,0.0,0.0,0.0,0.0
88608b42abfffff,2024-01-01,0.0,0.0,0.0,0.0
88608b42adfffff,2024-01-01,0.0,0.0,0.0,0.0
88608b42b1fffff,2024-01-01,0.0,0.0,0.0,0.14285714285714285
88608b42b3fffff,2024-01-01,0.0,0.0,0.0,0.0
88608b42b5fffff,2024-01-01,0.0,0.0,0.0,0.0
88608b42b7fffff,2024-01-01,0.0,0.0,0.0,0.14285714285714285
88608b42b9fffff,2024-01-01,0.0,0.0,0.0,0.0
88608b42bbfffff,2024-01-01,1.0,0.0,0.0,0.14285714285714285
88608b42bdfffff,2024-01-01,0.0,0.0,0.0,0.0
88608b42c1fffff,2024-01-01,0.0,0.0,0.0,0.0
88608b42c3fffff,2024-01-01,0.0,0.0,0.0,0.0
88608b42c5fffff,2024-01-01,0.0,0.0,0.0,0.0
88608b42c7fffff,2024-01-01,0.0,0.0,0.0,0.0
88608b42c9fffff,2024-01-01,0.0,0.0,0.0,0.0
88608b42cbfffff,2024-01-01,0.0,0.0,0.0,0.0
88608b42cdfffff,2024-01-01,0.0,0.0,0.0,0.0
88608b42d1fffff,2024-01-01,0.0,0.0,0.0,0.0
88608b42d3fffff,2024-01-01,0.0,0.0,0.0,0.0
88608b42d5fffff,2024-01-01,0.0,0.0,0.0,0.0
88608b42d7fffff,2024-01-01,1.0,0.0,0.0,0.14285714285714285
88608b42d9fffff,2024-01-01,0.0,0.0,0.0,0.0
88608b42dbfffff,2024-01-01,0.0,0.0,0.0,0.0
88608b42ddfffff,2024-01-01,0.0,0.0,0.0,0.0
88608b42e1fffff,2024-01-01,0.0,0.0,0.0,0.0
88608b42e3fffff,2024-01-01,0.0,0.0,0.0,0.14285714285714285
88608b42e5fffff,2024-01-01,0.0,0.0,0.0,0.0
88608b42e7fffff,2024-01-01,0.0,0.0,0.0,0.14285714285714285
88608b42e9fffff,2024-01-01,0.0,1.0,0.0,0.14285714285714285
88608b42ebfffff,2024-01-01,0.0,0.0,0.0,0.0
88608b42edfffff,2024-01-01,0.0,0.0,1.0,0.0
88608b4313fffff,2024-01-01,0.0,0.0,0.0,0.0
88608b4317fffff,2024-01-01,0.0,0.0,0.0,0.0
88608b4333fffff,2024-01-01,0.0,0.0,0.0,0.0
88608b4401fffff,2024-01-01,0.0,0.0,0.0,0.0
88608b4403fffff,2024-01-01,0.0,0.0,0.0,0.0
88608b4405fffff,2024-01-01,0.0,0.0,0.0,0.0
88608b4407fffff,2024-01-01,0.0,0.0,0.0,0.14285714285714285
88608b4409fffff,2024-01-01,0.0,0.0,0.0,0.0
88608b440bfffff,2024-01-01,0.0,0.0,0.0,0.0
88608b440dfffff,2024-01-01,0.0,0.0,0.0,0.0
88608b4411fffff,2024-01-01,0.0,1.0,0.0,0.14285714285714285
88608b4413fffff,2024-01-01,0.0,0.0,0.0,0.0
88608b4415fffff,2024-01-01,0.0,0.0,0.0,0.0
88608b4417fffff,2024-01-01,0.0,0.0,0.0,0.0
88608b4419fffff,2024-01-01,0.0,0.0,0.0,0.0
88608b441bfffff,2024-01-01,0.0,0.0,0.0,0.0
88608b441dfffff,2024-01-01,0.0,0.0,0.0,0.0
88608b4421fffff,2024-01-01,0.0,0.0,0.0,0.0
88608b4423fffff,2024-01-01,0.0,0.0,0.0,0.0
88608b4425fffff,2024-01-01,0.0,0.0,0.0,0.0
88608b4427fffff,2024-01-01,0.0,0.0,0.0,0.0
88608b4429fffff,2024-01-01,0.0,0.0,0.0,0.0
88608b442bfffff,2024-01-01,0.0,0.0,0.0,0.0
88608b442dfffff,2024-01-01,0.0,0.0,1.0,0.0
88608b4431fffff,2024-01-01,0.0,0.0,0.0,0.0
88608b4433fffff,2024-01-01,0.0,0.0,0.0,0.0
88608b4435fffff,2024-01-01,0.0,0.0,0.0,0.0
88608b4437fffff,2024-01-01,0.0,0.0,0.0,0.14285714285714285
88608b4439fffff,2024-01-01,0.0,0.0,0.0,0.14285714285714285
88608b443bfffff,2024-01-01,0.0,0.0,1.0,0.0
88608b443dfffff,2024-01-01,0.0,0.0,0.0,0.0
88608b4441fffff,2024-01-01,0.0,0.0,0.0,0.0
88608b4443fffff,2024-01-01,0.0,0.0,0.0,0.0
88608b4445fffff,2024-01-01,0.0,0.0,0.0,0.0
88608b4447fffff,2024-01-01,0.0,0.0,0.0,0.0
88608b4449fffff,2024-01-01,0.0,0.0,0.0,0.14285714285714285
88608b444bfffff,2024-01-01,0.0,0.0,1.0,0.0
88608b444dfffff,2024-01-01,0.0,0.0,0.0,0.0
88608b4451fffff,2024-01-01,0.0,0.0,0.0,0.0
88608b4453fffff,2024-01-01,0.0,0.0,0.0,0.0
88608b4455fffff,2024-01-01,0.0,0.0,0.0,0.0
88608b4457fffff,2024-01-01,0.0,0.0,0.0,0.0
88608b4459fffff,2024-01-01,0.0,0.0,0.0,0.0
88608b445bfffff,2024-01-01,0.0,0.0,0.0,0.0
88608b445dfffff,2024-01-01,0.0,0.0,0.0,0.0
88608b4461fffff,2024-01-01,0.0,0.0,0.0,0.0
88608b4463fffff,2024-01-01,0.0,0.0,0.0,0.0
88608b4465fffff,2024-01-01,0.0,0.0,0.0,0.0
88608b4467fffff,2024-01-01,0.0,0.0,0.0,0.0
88608b4469fffff,2024-01-01,0.0,0.0,0.0,0.0
88608b446bfffff,2024-01-01,0.0,0.0,0.0,0.0
88608b446dfffff,2024-01-01,0.0,0.0,0.0,0.0
88608b44edfffff,2024-01-01,0.0,0.0,0.0,0.0
88608b4501fffff,2024-01-01,0.0,0.0,0.0,0.0
88608b4503fffff,2024-01-01,0.0,0.0,0.0,0.0
88608b4505fffff,2024-01-01,0.0,0.0,0.0,0.0
88608b4507fffff,2024-01-01,0.0,0.0,0.0,0.14285714285714285
88608b4509fffff,2024-01-01,0.0,0.0,0.0,0.0
88608b450bfffff,2024-01-01,0.0,0.0,0.0,0.0
88608b450dfffff,2024-01-01,0.0,0.0,0.0,0.0
88608b4511fffff,2024-01-01,0.0,0.0,0.0,0.0
88608b4513fffff,2024-01-01,0.0,0.0,0.0,0.0
88608b4515fffff,2024-01-01,0.0,0.0,0.0,0.0
88608b4517fffff,2024-01-01,0.0,0.0,0.0,0.0
88608b4519fffff,2024-01-01,0.0,0.0,0.0,0.0
88608b451bfffff,2024-01-01,0.0,0.0,0.0,0.0
88608b451dfffff,2024-01-01,0.0,0.0,0.0,0.0
88608b4521fffff,2024-01-01,0.0,0.0,0.0,0.0
88608b4523fffff,2024-01-01,0.0,0.0,0.0,0.0
88608b4525fffff,2024-01-01,1.0,0.0,0.0,0.14285714285714285
88608b4527fffff,2024-01-01,0.0,0.0,0.0,0.0
88608b4529fffff,2024-01-01,0.0,0.0,0.0,0.0
88608b452bfffff,2024-01-01,0.0,0.0,0.0,0.0
88608b452dfffff,2024-01-01,0.0,0.0,0.0,0.0
88608b4531fffff,2024-01-01,0.0,0.0,0.0,0.0
88608b4533fffff,2024-01-01,0.0,0.0,0.0,0.14285714285714285
88608b4535fffff,2024-01-01,0.0,0.0,0.0,0.0
88608b4537fffff,2024-01-01,0.0,0.0,0.0,0.0
88608b4539fffff,2024-01-01,0.0,0.0,0.0,0.0
88608b453bfffff,2024-01-01,0.0,0.0,0.0,0.0
88608b453dfffff,2024-01-01,0.0,0.0,0.0,0.0
88608b4543fffff,2024-01-01,0.0,0.0,0.0,0.0
88608b4545fffff,2024-01-01,0.0,0.0,0.0,0.0
88608b4547fffff,2024-01-01,0.0,0.0,0.0,0.0
88608b4549fffff,2024-01-01,0.0,0.0,0.0,0.0
88608b454bfffff,2024-01-01,0.0,0.0,0.0,0.0
88608b454dfffff,2024-01-01,0.0,1.0,0.0,0.14285714285714285
88608b4551fffff,2024-01-01,0.0,0.0,0.0,0.0
88608b4553fffff,2024-01-01,0.0,0.0,0.0,0.0
88608b4555fffff,2024-01-01,0.0,0.0,0.0,0.0
88608b4557fffff,2024-01-01,0.0,0.0,0.0,0.0
88608b4559fffff,2024-01-01,0.0,0.0,0.0,0.0
88608b455bfffff,2024-01-01,0.0,0.0,1.0,0.0
88608b455dfffff,2024-01-01,0.0,0.0,0.0,0.0
88608b4561fffff,2024-01-01,0.0,0.0,0.0,0.0
88608b4563fffff,2024-01-01,0.0,0.0,0.0,0.0
88608b4565fffff,2024-01-01,0.0,0.0,0.0,0.0
88608b4567fffff,2024-01-01,0.0,0.0,0.0,0.0
88608b4569fffff,2024-01-01,0.0,0.0,0.0,0.0
88608b456bfffff,2024-01-01,0.0,0.0,0.0,0.0
88608b456dfffff,2024-01-01,0.0,0.0,0.0,0.0
88608b4581fffff,2024-01-01,0.0,0.0,0.0,0.0
88608b4585fffff,2024-01-01,0.0,0.0,0.0,0.0
88608b4589fffff,2024-01-01,0.0,0.0,0.0,0.0
88608b458dfffff,2024-01-01,0.0,0.0,0.0,0.0
88608b45a1fffff,2024-01-01,0.0,0.0,0.0,0.0
88608b45a5fffff,2024-01-01,0.0,0.0,0.0,0.0
88608b45a7fffff,2024-01-01,0.0,0.0,0.0,0.0
88608b45a9fffff,2024-01-01,0.0,0.0,0.0,0.0
88608b45abfffff,2024-01-01,0.0,0.0,0.0,0.0
88608b45adfffff,2024-01-01,0.0,0.0,0.0,0.0
88608b45c1fffff,2024-01-01,0.0,0.0,0.0,0.0
88608b45c3fffff,2024-01-01,0.0,0.0,0.0,0.0
88608b45c5fffff,2024-01-01,0.0,0.0,0.0,0.0
88608b45c7fffff,2024-01-01,0.0,0.0,0.0,0.0
88608b45c9fffff,2024-01-01,0.0,0.0,0.0,0.14285714285714285
88608b45cbfffff,2024-01-01,0.0,0.0,0.0,0.2857142857142857
88608b45cdfffff,2024-01-01,0.0,0.0,0.0,0.0
88608b45d5fffff,2024-01-01,0.0,0.0,0.0,0.0
88608b45d9fffff,2024-01-01,0.0,0.0,0.0,0.0
88608b45ddfffff,2024-01-01,0.0,0.0,0.0,0.0
88608b45e1fffff,2024-01-01,0.0,0.0,0.0,0.0
88608b45e3fffff,2024-01-01,0.0,0.0,0.0,0.0
88608b45e5fffff,2024-01-01,0.0,0.0,0.0,0.0
88608b45e7fffff,2024-01-01,0.0,0.0,0.0,0.0
88608b45e9fffff,2024-01-01,0.0,0.0,0.0,0.0
88608b45ebfffff,2024-01-01,0.0,0.0,0.0,0.0
88608b45edfffff,2024-01-01,0.0,0.0,0.0,0.0
88608b4601fffff,2024-01-01,0.0,0.0,0.0,0.0
88608b4603fffff,2024-01-01,0.0,0.0,0.0,0.0
88608b4605fffff,2024-01-01,0.0,0.0,0.0,0.0
88608b4607fffff,2024-01-01,0.0,0.0,0.0,0.0
88608b4609fffff,2024-01-01,0.0,0.0,0.0,0.0
88608b460bfffff,2024-01-01,0.0,0.0,0.0,0.0
88608b460dfffff,2024-01-01,0.0,0.0,0.0,0.0
88608b4611fffff,2024-01-01,0.0,0.0,0.0,0.0
88608b4613fffff,2024-01-01,0.0,0.0,0.0,0.0
88608b4615fffff,2024-01-01,0.0,0.0,0.0,0.0
88608b4617fffff,2024-01-01,0.0,0.0,0.0,0.0
88608b4619fffff,2024-01-01,0.0,0.0,0.0,0.0
88608b461bfffff,2024-01-01,0.0,0.0,0.0,0.0
88608b461dfffff,2024-01-01,0.0,0.0,0.0,0.0
88608b4621fffff,2024-01-01,0.0,0.0,0.0,0.0
88608b4623fffff,2024-01-01,0.0,0.0,0.0,0.0
88608b4625fffff,2024-01-01,0.0,0.0,0.0,0.0
88608b4627fffff,2024-01-01,0.0,0.0,0.0,0.0
88608b4629fffff,2024-01-01,0.0,0.0,0.0,0.0
88608b462bfffff,2024-01-01,0.0,0.0,0.0,0.0
88608b462dfffff,2024-01-01,0.0,0.0,0.0,0.14285714285714285
88608b4631fffff,2024-01-01,0.0,0.0,0.0,0.0
88608b4633fffff,2024-01-01,0.0,0.0,0.0,0.14285714285714285
88608b4635fffff,2024-01-01,0.0,0.0,0.0,0.0
88608b4637fffff,2024-01-01,0.0,0.0,0.0,0.0
88608b4639fffff,2024-01-01,0.0,0.0,0.0,0.0
88608b463bfffff,2024-01-01,0.0,0.0,0.0,0.0
88608b463dfffff,2024-01-01,0.0,0.0,0.0,0.14285714285714285
88608b4641fffff,2024-01-01,0.0,0.0,0.0,0.0
88608b4643fffff,2024-01-01,0.0,0.0,0.0,0.0
88608b4645fffff,2024-01-01,0.0,0.0,0.0,0.0
88608b4647fffff,2024-01-01,0.0,0.0,0.0,0.0
88608b4649fffff,2024-01-01,0.0,0.0,0.0,0.0
88608b464bfffff,2024-01-01,0.0,0.0,0.0,0.0
88608b464dfffff,2024-01-01,0.0,0.0,0.0,0.0
88608b4651fffff,2024-01-01,0.0,0.0,0.0,0.0
88608b4653fffff,2024-01-01,0.0,0.0,0.0,0.0
88608b4655fffff,2024-01-01,0.0,0.0,0.0,0.0
88608b4657fffff,2024-01-01,0.0,0.0,0.0,0.0
88608b4659fffff,2024-01-01,0.0,0.0,0.0,0.0
88608b465bfffff,2024-01-01,0.0,0.0,0.0,0.0
88608b465dfffff,2024-01-01,0.0,0.0,0.0,0.0
88608b4661fffff,2024-01-01,0.0,0.0,0.0,0.0
88608b4663fffff,2024-01-01,0.0,1.0,0.0,0.14285714285714285
88608b4665fffff,2024-01-01,0.0,0.0,0.0,0.0
88608b4667fffff,2024-01-01,0.0,0.0,0.0,0.2857142857142857
88608b4669fffff,2024-01-01,0.0,0.0,0.0,0.0
88608b466bfffff,2024-01-01,0.0,0.0,0.0,0.0
88608b466dfffff,2024-01-01,0.0,0.0,0.0,0.0
88608b4681fffff,2024-01-01,0.0,0.0,0.0,0.0
88608b4685fffff,2024-01-01,0.0,0.0,0.0,0.14285714285714285
88608b4689fffff,2024-01-01,0.0,0.0,0.0,0.0
88608b468dfffff,2024-01-01,0.0,0.0,0.0,0.0
88608b46a1fffff,2024-01-01,0.0,0.0,0.0,0.0
88608b46a5fffff,2024-01-01,0.0,0.0,0.0,0.0
88608b46a7fffff,2024-01-01,0.0,0.0,0.0,0.0
88608b46a9fffff,2024-01-01,0.0,0.0,0.0,0.0
88608b46abfffff,2024-01-01,0.0,0.0,0.0,0.0
88608b46adfffff,2024-01-01,0.0,0.0,0.0,0.0
88608b46c1fffff,2024-01-01,0.0,0.0,0.0,0.0
88608b46c3fffff,2024-01-01,0.0,0.0,0.0,0.0
88608b46c5fffff,2024-01-01,0.0,0.0,0.0,0.0
88608b46c7fffff,2024-01-01,0.0,0.0,0.0,0.14285714285714285
88608b46cbfffff,2024-01-01,0.0,0.0,0.0,0.0
88608b46cdfffff,2024-01-01,0.0,0.0,0.0,0.14285714285714285
88608b46d5fffff,2024-01-01,1.0,0.0,0.0,0.14285714285714285
88608b46d9fffff,2024-01-01,0.0,0.0,0.0,0.0
88608b46ddfffff,2024-01-01,0.0,0.0,0.0,0.2857142857142857
88608b46e1fffff,2024-01-01,0.0,0.0,0.0,0.0
88608b46e3fffff,2024-01-01,0.0,0.0,0.0,0.0
88608b46e5fffff,2024-01-01,0.0,0.0,0.0,0.14285714285714285
88608b46e7fffff,2024-01-01,0.0,0.0,0.0,0.0
88608b46e9fffff,2024-01-01,0.0,0.0,0.0,0.0
88608b46ebfffff,2024-01-01,0.0,0.0,0.0,0.14285714285714285
88608b46edfffff,2024-01-01,0.0,0.0,0.0,0.0
88608b4701fffff,2024-01-01,0.0,0.0,0.0,0.0
88608b4703fffff,2024-01-01,0.0,0.0,0.0,0.14285714285714285
88608b4705fffff,2024-01-01,0.0,0.0,0.0,0.0
88608b4707fffff,2024-01-01,0.0,0.0,0.0,0.0
88608b4709fffff,2024-01-01,0.0,0.0,0.0,0.0
88608b470bfffff,2024-01-01,0.0,0.0,0.0,0.0
88608b470dfffff,2024-01-01,0.0,0.0,0.0,0.0
88608b4711fffff,2024-01-01,0.0,1.0,0.0,0.14285714285714285
88608b4713fffff,2024-01-01,0.0,0.0,0.0,0.0
88608b4715fffff,2024-01-01,0.0,0.0,0.0,0.0
88608b4717fffff,2024-01-01,0.0,0.0,0.0,0.2857142857142857
88608b4719fffff,2024-01-01,0.0,0.0,0.0,0.0
88608b471bfffff,2024-01-01,0.0,0.0,0.0,0.0
88608b471dfffff,2024-01-01,0.0,0.0,0.0,0.0
88608b4721fffff,2024-01-01,0.0,0.0,0.0,0.0
88608b4723fffff,2024-01-01,0.0,0.0,0.0,0.0
88608b4725fffff,2024-01-01,0.0,0.0,1.0,0.0
88608b4727fffff,2024-01-01,0.0,0.0,0.0,0.0
88608b4729fffff,2024-01-01,0.0,0.0,0.0,0.14285714285714285
88608b472bfffff,2024-01-01,0.0,0.0,0.0,0.0
88608b472dfffff,2024-01-01,0.0,0.0,0.0,0.0
88608b4731fffff,2024-01-01,0.0,0.0,0.0,0.0
88608b4733fffff,2024-01-01,0.0,0.0,0.0,0.0
88608b4735fffff,2024-01-01,0.0,0.0,0.0,0.0
88608b4737fffff,2024-01-01,0.0,0.0,0.0,0.0
88608b4739fffff,2024-01-01,0.0,0.0,0.0,0.0
88608b473bfffff,2024-01-01,0.0,0.0,0.0,0.0
88608b473dfffff,2024-01-01,0.0,1.0,0.0,0.14285714285714285
88608b4741fffff,2024-01-01,0.0,0.0,0.0,0.0
88608b4743fffff,2024-01-01,0.0,0.0,0.0,0.0
88608b4745fffff,2024-01-01,0.0,0.0,0.0,0.14285714285714285
88608b4747fffff,2024-01-01,0.0,0.0,0.0,0.14285714285714285
88608b4749fffff,2024-01-01,0.0,0.0,0.0,0.0
88608b474bfffff,2024-01-01,0.0,0.0,1.0,0.0
88608b474dfffff,2024-01-01,0.0,0.0,0.0,0.0
88608b4751fffff,2024-01-01,0.0,0.0,0.0,0.0
88608b4753fffff,2024-01-01,0.0,0.0,1.0,0.0
88608b4755fffff,2024-01-01,0.0,0.0,0.0,0.0
88608b4757fffff,2024-01-01,0.0,0.0,0.0,0.0
88608b4759fffff,2024-01-01,0.0,0.0,0.0,0.0
88608b475bfffff,2024-01-01,0.0,0.0,0.0,0.0
88608b475dfffff,2024-01-01,0.0,1.0,0.0,0.14285714285714285
88608b4761fffff,2024-01-01,0.0,0.0,0.0,0.0
88608b4763fffff,2024-01-01,0.0,0.0,0.0,0.0
88608b4765fffff,2024-01-01,0.0,0.0,0.0,0.14285714285714285
88608b4767fffff,2024-01-01,0.0,0.0,0.0,0.0
88608b4769fffff,2024-01-01,0.0,0.0,0.0,0.0
88608b476bfffff,2024-01-01,0.0,0.0,0.0,0.0
88608b476dfffff,2024-01-01,0.0,0.0,0.0,0.0
88608b4e19fffff,2024-01-01,0.0,0.0,0.0,0.0
88608b4e1bfffff,2024-01-01,0.0,0.0,0.0,0.0
88608b4e43fffff,2024-01-01,0.0,0.0,0.0,0.0
88608b4e49fffff,2024-01-01,0.0,0.0,0.0,0.0
88608b4e4bfffff,2024-01-01,0.0,0.0,0.0,0.0
88608b4e51fffff,2024-01-01,0.0,0.0,0.0,0.0
88608b4e53fffff,2024-01-01,0.0,0.0,0.0,0.0
88608b4e55fffff,2024-01-01,0.0,0.0,0.0,0.0
88608b4e57fffff,2024-01-01,0.0,0.0,0.0,0.0
88608b4e59fffff,2024-01-01,0.0,0.0,0.0,0.0
88608b4e5bfffff,2024-01-01,0.0,0.0,1.0,0.14285714285714285
88608b4e5dfffff,2024-01-01,0.0,0.0,0.0,0.0
88608b4e99fffff,2024-01-01,0.0,0.0,0.0,0.0
88608b4e9bfffff,2024-01-01,0.0,0.0,0.0,0.0
88608b4ec1fffff,2024-01-01,0.0,0.0,0.0,0.0
88608b4ec3fffff,2024-01-01,0.0,0.0,0.0,0.0
88608b4ec9fffff,2024-01-01,0.0,0.0,0.0,0.0
88608b4ecbfffff,2024-01-01,0.0,0.0,0.0,0.0
88608b4ecdfffff,2024-01-01,0.0,0.0,0.0,0.0
88608b4ed1fffff,2024-01-01,0.0,0.0,0.0,0.0
88608b4ed3fffff,2024-01-01,0.0,0.0,0.0,0.0
88608b4ed5fffff,2024-01-01,0.0,0.0,0.0,0.0
88608b4ed7fffff,2024-01-01,0.0,0.0,0.0,0.0
88608b4ed9fffff,2024-01-01,0.0,0.0,0.0,0.0
88608b4edbfffff,2024-01-01,0.0,0.0,0.0,0.0
88608b4eddfffff,2024-01-01,0.0,0.0,0.0,0.0
88608b5093fffff,2024-01-01,0.0,0.0,0.0,0.0
88608b509bfffff,2024-01-01,0.0,0.0,0.0,0.0
88608b50b3fffff,2024-01-01,0.0,0.0,0.0,0.0
88608b5401fffff,2024-01-01,0.0,0.0,0.0,0.0
88608b5403fffff,2024-01-01,0.0,0.0,0.0,0.0
88608b5405fffff,2024-01-01,0.0,0.0,0.0,0.0
88608b5407fffff,2024-01-01,0.0,0.0,0.0,0.0
88608b5409fffff,2024-01-01,0.0,0.0,0.0,0.0
88608b540bfffff,2024-01-01,0.0,0.0,0.0,0.0
88608b540dfffff,2024-01-01,0.0,0.0,0.0,0.0
88608b5411fffff,2024-01-01,0.0,0.0,0.0,0.0
88608b5413fffff,2024-01-01,0.0,0.0,0.0,0.0
88608b5415fffff,2024-01-01,0.0,0.0,0.0,0.0
88608b5417fffff,2024-01-01,0.0,0.0,0.0,0.0
88608b5419fffff,2024-01-01,0.0,0.0,0.0,0.0
88608b541bfffff,2024-01-01,0.0,0.0,0.0,0.0
88608b541dfffff,2024-01-01,0.0,0.0,0.0,0.0
88608b5421fffff,2024-01-01,0.0,0.0,0.0,0.0
88608b5423fffff,2024-01-01,0.0,0.0,0.0,0.0
88608b5425fffff,2024-01-01,0.0,0.0,0.0,0.0
88608b5427fffff,2024-01-01,0.0,0.0,0.0,0.0
88608b5429fffff,2024-01-01,0.0,0.0,0.0,0.14285714285714285
88608b542bfffff,2024-01-01,0.0,0.0,0.0,0.0
88608b542dfffff,2024-01-01,0.0,0.0,0.0,0.14285714285714285
88608b5431fffff,2024-01-01,0.0,0.0,0.0,0.0
88608b5433fffff,2024-01-01,0.0,0.0,0.0,0.14285714285714285
88608b5435fffff,2024-01-01,0.0,0.0,0.0,0.0
88608b5437fffff,2024-01-01,0.0,0.0,0.0,0.0
88608b5439fffff,2024-01-01,0.0,0.0,0.0,0.0
88608b543bfffff,2024-01-01,0.0,0.0,0.0,0.0
88608b543dfffff,2024-01-01,0.0,0.0,0.0,0.0
88608b5441fffff,2024-01-01,0.0,0.0,0.0,0.0
88608b5443fffff,2024-01-01,0.0,0.0,0.0,0.0
88608b5445fffff,2024-01-01,0.0,0.0,0.0,0.0
88608b5447fffff,2024-01-01,0.0,0.0,0.0,0.0
88608b5449fffff,2024-01-01,0.0,0.0,0.0,0.0
88608b544bfffff,2024-01-01,0.0,0.0,0.0,0.0
88608b544dfffff,2024-01-01,0.0,0.0,0.0,0.0
88608b5451fffff,2024-01-01,0.0,0.0,0.0,0.0
88608b5453fffff,2024-01-01,0.0,0.0,0.0,0.0
88608b5455fffff,2024-01-01,0.0,0.0,0.0,0.0
88608b5457fffff,2024-01-01,0.0,0.0,0.0,0.0
88608b5459fffff,2024-01-01,0.0,0.0,0.0,0.0
88608b545bfffff,2024-01-01,0.0,0.0,0.0,0.0
88608b545dfffff,2024-01-01,0.0,0.0,0.0,0.0
88608b5461fffff,2024-01-01,0.0,0.0,0.0,0.0
88608b5463fffff,2024-01-01,0.0,0.0,0.0,0.14285714285714285
88608b5465fffff,2024-01-01,0.0,0.0,0.0,0.0
88608b5467fffff,2024-01-01,0.0,0.0,0.0,0.0
88608b5469fffff,2024-01-01,0.0,0.0,0.0,0.0
88608b546bfffff,2024-01-01,0.0,0.0,0.0,0.0
88608b546dfffff,2024-01-01,0.0,0.0,0.0,0.0
88608b5481fffff,2024-01-01,0.0,0.0,0.0,0.2857142857142857
88608b5483fffff,2024-01-01,0.0,0.0,0.0,0.0
88608b5485fffff,2024-01-01,0.0,0.0,0.0,0.14285714285714285
88608b5487fffff,2024-01-01,0.0,0.0,0.0,0.14285714285714285
88608b5489fffff,2024-01-01,0.0,0.0,0.0,0.0
88608b548bfffff,2024-01-01,0.0,0.0,0.0,0.0
88608b548dfffff,2024-01-01,0.0,0.0,0.0,0.14285714285714285
88608b5491fffff,2024-01-01,0.0,0.0,0.0,0.0
88608b5493fffff,2024-01-01,0.0,0.0,0.0,0.0
88608b5495fffff,2024-01-01,0.0,0.0,0.0,0.0
88608b5497fffff,2024-01-01,0.0,0.0,0.0,0.0
88608b5499fffff,2024-01-01,0.0,0.0,0.0,0.14285714285714285
88608b549bfffff,2024-01-01,0.0,0.0,0.0,0.0
88608b549dfffff,2024-01-01,0.0,0.0,0.0,0.0
88608b54a1fffff,2024-01-01,0.0,0.0,0.0,0.0
88608b54a3fffff,2024-01-01,0.0,0.0,0.0,0.0
88608b54a5fffff,2024-01-01,0.0,0.0,0.0,0.0
88608b54a7fffff,2024-01-01,0.0,0.0,0.0,0.0
88608b54a9fffff,2024-01-01,0.0,0.0,0.0,0.0
88608b54abfffff,2024-01-01,0.0,0.0,0.0,0.0
88608b54adfffff,2024-01-01,0.0,0.0,0.0,0.14285714285714285
88608b54b1fffff,2024-01-01,0.0,0.0,0.0,0.0
88608b54b3fffff,2024-01-01,0.0,0.0,0.0,0.0
88608b54b5fffff,2024-01-01,0.0,0.0,0.0,0.0
88608b54b7fffff,2024-01-01,0.0,0.0,0.0,0.0
88608b54b9fffff,2024-01-01,0.0,0.0,0.0,0.0
88608b54bbfffff,2024-01-01,0.0,0.0,0.0,0.0
88608b54bdfffff,2024-01-01,0.0,0.0,0.0,0.0
88608b54c1fffff,2024-01-01,0.0,0.0,0.0,0.0
88608b54c3fffff,2024-01-01,0.0,0.0,0.0,0.0
88608b54c5fffff,2024-01-01,0.0,0.0,0.0,0.0
88608b54c7fffff,2024-01-01,0.0,0.0,0.0,0.0
88608b54c9fffff,2024-01-01,0.0,0.0,0.0,0.0
88608b54cbfffff,2024-01-01,0.0,0.0,0.0,0.0
88608b54cdfffff,2024-01-01,0.0,0.0,0.0,0.0
88608b54d1fffff,2024-01-01,0.0,0.0,0.0,0.0
88608b54d3fffff,2024-01-01,0.0,0.0,0.0,0.0
88608b54d5fffff,2024-01-01,0.0,0.0,0.0,0.0
88608b54d7fffff,2024-01-01,0.0,0.0,0.0,0.0
88608b54d9fffff,2024-01-01,0.0,0.0,0.0,0.0
88608b54dbfffff,2024-01-01,0.0,0.0,0.0,0.0
88608b54ddfffff,2024-01-01,0.0,0.0,0.0,0.0
88608b54e1fffff,2024-01-01,1.0,0.0,0.0,0.14285714285714285
88608b54e3fffff,2024-01-01,0.0,0.0,0.0,0.0
88608b54e5fffff,2024-01-01,0.0,0.0,0.0,0.0
88608b54e7fffff,2024-01-01,0.0,0.0,0.0,0.0
88608b54e9fffff,2024-01-01,1.0,0.0,0.0,0.2857142857142857
88608b54ebfffff,2024-01-01,0.0,0.0,0.0,0.0
88608b54edfffff,2024-01-01,0.0,0.0,0.0,0.0
88608b5501fffff,2024-01-01,0.0,0.0,0.0,0.0
88608b5503fffff,2024-01-01,0.0,0.0,0.0,0.0
88608b5505fffff,2024-01-01,0.0,0.0,0.0,0.0
88608b5507fffff,2024-01-01,0.0,0.0,0.0,0.0
88608b5509fffff,2024-01-01,0.0,0.0,0.0,0.0
88608b550bfffff,2024-01-01,0.0,0.0,0.0,0.0
88608b550dfffff,2024-01-01,0.0,0.0,0.0,0.0
88608b5511fffff,2024-01-01,0.0,0.0,1.0,0.0
88608b5513fffff,2024-01-01,0.0,0.0,0.0,0.0
88608b5515fffff,2024-01-01,0.0,0.0,0.0,0.0
88608b5517fffff,2024-01-01,0.0,0.0,0.0,0.0
88608b5519fffff,2024-01-01,0.0,0.0,0.0,0.14285714285714285
88608b551bfffff,2024-01-01,0.0,0.0,0.0,0.14285714285714285
88608b551dfffff,2024-01-01,0.0,0.0,0.0,0.2857142857142857
88608b5521fffff,2024-01-01,0.0,0.0,0.0,0.0
88608b5523fffff,2024-01-01,0.0,0.0,0.0,0.0
88608b5525fffff,2024-01-01,0.0,0.0,0.0,0.0
88608b5527fffff,2024-01-01,1.0,0.0,0.0,0.2857142857142857
88608b5529fffff,2024-01-01,0.0,0.0,0.0,0.0
88608b552bfffff,2024-01-01,0.0,0.0,0.0,0.14285714285714285
88608b552dfffff,2024-01-01,0.0,0.0,0.0,0.0
88608b5531fffff,2024-01-01,0.0,0.0,0.0,0.0
88608b5533fffff,2024-01-01,0.0,0.0,0.0,0.0
88608b5535fffff,2024-01-01,0.0,0.0,0.0,0.0
88608b5537fffff,2024-01-01,0.0,0.0,1.0,0.0
88608b5539fffff,2024-01-01,0.0,0.0,0.0,0.0
88608b553bfffff,2024-01-01,0.0,0.0,0.0,0.0
88608b553dfffff,2024-01-01,0.0,0.0,1.0,0.0
88608b5541fffff,2024-01-01,0.0,0.0,0.0,0.14285714285714285
88608b5543fffff,2024-01-01,0.0,0.0,0.0,0.0
88608b5545fffff,2024-01-01,0.0,0.0,0.0,0.14285714285714285
88608b5547fffff,2024-01-01,0.0,0.0,0.0,0.0
88608b5549fffff,2024-01-01,0.0,0.0,0.0,0.0
88608b554bfffff,2024-01-01,0.0,0.0,0.0,0.0
88608b554dfffff,2024-01-01,0.0,0.0,0.0,0.0
88608b5551fffff,2024-01-01,0.0,0.0,0.0,0.0
88608b5553fffff,2024-01-01,0.0,0.0,0.0,0.14285714285714285
88608b5555fffff,2024-01-01,0.0,0.0,0.0,0.0
88608b5557fffff,2024-01-01,0.0,0.0,0.0,0.0
88608b5559fffff,2024-01-01,0.0,0.0,0.0,0.0
88608b555bfffff,2024-01-01,0.0,0.0,0.0,0.0
88608b555dfffff,2024-01-01,0.0,0.0,0.0,0.0
88608b5561fffff,2024-01-01,0.0,0.0,1.0,0.0
88608b5563fffff,2024-01-01,0.0,0.0,0.0,0.0
88608b5565fffff,2024-01-01,0.0,0.0,0.0,0.14285714285714285
88608b5567fffff,2024-01-01,0.0,0.0,0.0,0.14285714285714285
88608b5569fffff,2024-01-01,0.0,0.0,0.0,0.0
88608b556bfffff,2024-01-01,0.0,0.0,0.0,0.14285714285714285
88608b556dfffff,2024-01-01,0.0,0.0,0.0,0.0
88608b5581fffff,2024-01-01,0.0,0.0,0.0,0.0
88608b5583fffff,2024-01-01,0.0,0.0,0.0,0.14285714285714285
88608b5585fffff,2024-01-01,0.0,0.0,0.0,0.0
88608b5587fffff,2024-01-01,0.0,0.0,0.0,0.0
88608b5589fffff,2024-01-01,0.0,0.0,0.0,0.0
88608b558bfffff,2024-01-01,0.0,0.0,0.0,0.0
88608b558dfffff,2024-01-01,0.0,0.0,0.0,0.14285714285714285
88608b5591fffff,2024-01-01,0.0,0.0,0.0,0.0
88608b5593fffff,2024-01-01,0.0,0.0,0.0,0.0
88608b5595fffff,2024-01-01,0.0,0.0,0.0,0.14285714285714285
88608b5597fffff,2024-01-01,0.0,0.0,0.0,0.0
88608b5599fffff,2024-01-01,0.0,0.0,0.0,0.0
88608b559bfffff,2024-01-01,0.0,0.0,0.0,0.0
88608b559dfffff,2024-01-01,0.0,0.0,0.0,0.0
88608b55a1fffff,2024-01-01,0.0,0.0,0.0,0.0
88608b55a3fffff,2024-01-01,0.0,0.0,0.0,0.0
88608b55a5fffff,2024-01-01,0.0,0.0,0.0,0.0
88608b55a7fffff,2024-01-01,0.0,0.0,0.0,0.14285714285714285
88608b55a9fffff,2024-01-01,0.0,0.0,0.0,0.0
88608b55abfffff,2024-01-01,0.0,0.0,0.0,0.0
88608b55adfffff,2024-01-01,0.0,0.0,0.0,0.14285714285714285
88608b55b1fffff,2024-01-01,0.0,0.0,0.0,0.0
88608b55b3fffff,2024-01-01,0.0,0.0,0.0,0.0
88608b55b5fffff,2024-01-01,0.0,0.0,0.0,0.0
88608b55b7fffff,2024-01-01,0.0,0.0,0.0,0.0
88608b55b9fffff,2024-01-01,0.0,0.0,0.0,0.0
88608b55bbfffff,2024-01-01,0.0,0.0,0.0,0.0
88608b55bdfffff,2024-01-01,0.0,0.0,0.0,0.0
88608b55c1fffff,2024-01-01,0.0,0.0,0.0,0.0
88608b55c3fffff,2024-01-01,0.0,0.0,0.0,0.0
88608b55c5fffff,2024-01-01,0.0,0.0,0.0,0.0
88608b55c7fffff,2024-01-01,0.0,0.0,0.0,0.0
88608b55c9fffff,2024-01-01,0.0,0.0,0.0,0.0
88608b55cbfffff,2024-01-01,0.0,0.0,0.0,0.0
88608b55cdfffff,2024-01-01,0.0,0.0,0.0,0.14285714285714285
88608b55d1fffff,2024-01-01,0.0,0.0,0.0,0.0
88608b55d3fffff,2024-01-01,0.0,0.0,0.0,0.0
88608b55d5fffff,2024-01-01,0.0,0.0,0.0,0.0
88608b55d7fffff,2024-01-01,0.0,0.0,0.0,0.0
88608b55d9fffff,2024-01-01,0.0,0.0,0.0,0.0
88608b55dbfffff,2024-01-01,0.0,0.0,0.0,0.0
88608b55ddfffff,2024-01-01,0.0,0.0,0.0,0.0
88608b55e1fffff,2024-01-01,0.0,0.0,0.0,0.0
88608b55e3fffff,2024-01-01,0.0,0.0,0.0,0.0
88608b55e5fffff,2024-01-01,0.0,0.0,0.0,0.0
88608b55e7fffff,2024-01-01,0.0,0.0,0.0,0.0
88608b55e9fffff,2024-01-01,0.0,0.0,0.0,0.0
88608b55ebfffff,2024-01-01,0.0,0.0,0.0,0.0
88608b55edfffff,2024-01-01,0.0,0.0,0.0,0.0
88608b5601fffff,2024-01-01,0.0,0.0,0.0,0.0
88608b5603fffff,2024-01-01,0.0,0.0,0.0,0.14285714285714285
88608b5605fffff,2024-01-01,0.0,0.0,0.0,0.0
88608b5607fffff,2024-01-01,0.0,0.0,0.0,0.14285714285714285
88608b5609fffff,2024-01-01,0.0,0.0,0.0,0.0
88608b560bfffff,2024-01-01,0.0,0.0,0.0,0.0
88608b560dfffff,2024-01-01,0.0,0.0,0.0,0.0
88608b5611fffff,2024-01-01,0.0,0.0,0.0,0.0
88608b5613fffff,2024-01-01,0.0,0.0,0.0,0.0
88608b5615fffff,2024-01-01,0.0,0.0,0.0,0.14285714285714285
88608b5617fffff,2024-01-01,0.0,0.0,0.0,0.0
88608b5619fffff,2024-01-01,0.0,0.0,0.0,0.0
88608b561bfffff,2024-01-01,1.0,0.0,0.0,0.14285714285714285
88608b561dfffff,2024-01-01,0.0,0.0,0.0,0.0
88608b5621fffff,2024-01-01,0.0,0.0,0.0,0.0
88608b5623fffff,2024-01-01,0.0,0.0,0.0,0.0
88608b5625fffff,2024-01-01,0.0,0.0,0.0,0.0
88608b5627fffff,2024-01-01,0.0,0.0,0.0,0.0
88608b5629fffff,2024-01-01,0.0,0.0,0.0,0.0
88608b562bfffff,2024-01-01,0.0,0.0,0.0,0.0
88608b562dfffff,2024-01-01,0.0,0.0,0.0,0.0
88608b5631fffff,2024-01-01,0.0,2.0,0.0,0.2857142857142857
88608b5633fffff,2024-01-01,0.0,0.0,0.0,0.0
88608b5635fffff,2024-01-01,0.0,0.0,0.0,0.14285714285714285
88608b5637fffff,2024-01-01,0.0,0.0,0.0,0.0
88608b5639fffff,2024-01-01,0.0,0.0,0.0,0.14285714285714285
88608b563bfffff,2024-01-01,0.0,0.0,0.0,0.0
88608b563dfffff,2024-01-01,0.0,0.0,0.0,0.0
88608b5641fffff,2024-01-01,0.0,0.0,0.0,0.0
88608b5643fffff,2024-01-01,1.0,0.0,0.0,0.14285714285714285
88608b5645fffff,2024-01-01,0.0,0.0,0.0,0.0
88608b5647fffff,2024-01-01,0.0,0.0,0.0,0.0
88608b5649fffff,2024-01-01,0.0,0.0,0.0,0.0
88608b564bfffff,2024-01-01,0.0,0.0,0.0,0.0
88608b564dfffff,2024-01-01,0.0,0.0,0.0,0.0
88608b5651fffff,2024-01-01,0.0,0.0,0.0,0.0
88608b5653fffff,2024-01-01,0.0,0.0,0.0,0.14285714285714285
88608b5655fffff,2024-01-01,0.0,0.0,0.0,0.0
88608b5657fffff,2024-01-01,0.0,0.0,0.0,0.0
88608b5659fffff,2024-01-01,0.0,0.0,0.0,0.0
88608b565bfffff,2024-01-01,0.0,0.0,0.0,0.0
88608b565dfffff,2024-01-01,0.0,0.0,0.0,0.0
88608b5661fffff,2024-01-01,0.0,0.0,0.0,0.0
88608b5663fffff,2024-01-01,0.0,0.0,0.0,0.14285714285714285
88608b5665fffff,2024-01-01,0.0,0.0,0.0,0.14285714285714285
88608b5667fffff,2024-01-01,0.0,0.0,0.0,0.0
88608b5669fffff,2024-01-01,0.0,0.0,0.0,0.0
88608b566bfffff,2024-01-01,0.0,0.0,0.0,0.0
88608b566dfffff,2024-01-01,0.0,0.0,0.0,0.0
88608b5681fffff,2024-01-01,1.0,0.0,0.0,0.14285714285714285
88608b5683fffff,2024-01-01,0.0,0.0,1.0,0.0
88608b5685fffff,2024-01-01,0.0,0.0,0.0,0.0
88608b5687fffff,2024-01-01,0.0,0.0,0.0,0.0
88608b5689fffff,2024-01-01,0.0,0.0,0.0,0.14285714285714285
88608b568bfffff,2024-01-01,0.0,0.0,1.0,0.0
88608b568dfffff,2024-01-01,0.0,0.0,0.0,0.14285714285714285
88608b5691fffff,2024-01-01,0.0,1.0,0.0,0.2857142857142857
88608b5693fffff,2024-01-01,0.0,0.0,0.0,0.0
88608b5695fffff,2024-01-01,0.0,0.0,0.0,0.0
88608b5697fffff,2024-01-01,0.0,0.0,0.0,0.0
88608b5699fffff,2024-01-01,0.0,0.0,0.0,0.0
88608b569bfffff,2024-01-01,0.0,0.0,0.0,0.0
88608b569dfffff,2024-01-01,0.0,0.0,0.0,0.0
88608b56a1fffff,2024-01-01,0.0,0.0,0.0,0.0
88608b56a3fffff,2024-01-01,0.0,0.0,0.0,0.0
88608b56a5fffff,2024-01-01,0.0,1.0,0.0,0.14285714285714285
88608b56a7fffff,2024-01-01,0.0,0.0,0.0,0.0
88608b56a9fffff,2024-01-01,0.0,0.0,0.0,0.0
88608b56abfffff,2024-01-01,0.0,0.0,0.0,0.0
88608b56adfffff,2024-01-01,0.0,0.0,0.0,0.0
88608b56b1fffff,2024-01-01,0.0,0.0,0.0,0.0
88608b56b3fffff,2024-01-01,0.0,0.0,0.0,0.0
88608b56b5fffff,2024-01-01,0.0,0.0,0.0,0.0
88608b56b7fffff,2024-01-01,0.0,0.0,0.0,0.0
88608b56b9fffff,2024-01-01,0.0,0.0,0.0,0.0
88608b56bbfffff,2024-01-01,0.0,0.0,0.0,0.14285714285714285
88608b56bdfffff,2024-01-01,0.0,0.0,0.0,0.14285714285714285
88608b56c1fffff,2024-01-01,0.0,0.0,0.0,0.0
88608b56c3fffff,2024-01-01,0.0,0.0,0.0,0.0
88608b56c5fffff,2024-01-01,0.0,0.0,0.0,0.0
88608b56c7fffff,2024-01-01,0.0,0.0,0.0,0.14285714285714285
88608b56c9fffff,2024-01-01,0.0,0.0,0.0,0.0
88608b56cbfffff,2024-01-01,0.0,0.0,0.0,0.0
88608b56cdfffff,2024-01-01,0.0,0.0,0.0,0.0
88608b56d1fffff,2024-01-01,0.0,0.0,0.0,0.0
88608b56d3fffff,2024-01-01,0.0,0.0,0.0,0.0
88608b56d5fffff,2024-01-01,0.0,0.0,0.0,0.14285714285714285
88608b56d7fffff,2024-01-01,0.0,0.0,0.0,0.0
88608b56d9fffff,2024-01-01,0.0,0.0,0.0,0.0
88608b56dbfffff,2024-01-01,0.0,0.0,0.0,0.0
88608b56ddfffff,2024-01-01,0.0,0.0,0.0,0.0
88608b56e1fffff,2024-01-01,0.0,0.0,0.0,0.0
88608b56e3fffff,2024-01-01,0.0,0.0,0.0,0.14285714285714285
88608b56e5fffff,2024-01-01,0.0,0.0,0.0,0.0
88608b56e7fffff,2024-01-01,0.0,0.0,0.0,0.0
88608b56e9fffff,2024-01-01,0.0,0.0,0.0,0.0
88608b56ebfffff,2024-01-01,0.0,0.0,0.0,0.0
88608b56edfffff,2024-01-01,0.0,0.0,0.0,0.0
88608b5701fffff,2024-01-01,0.0,0.0,0.0,0.0
88608b5703fffff,2024-01-01,0.0,0.0,0.0,0.0
88608b5707fffff,2024-01-01,0.0,0.0,0.0,0.0
88608b5709fffff,2024-01-01,0.0,0.0,0.0,0.0
88608b570bfffff,2024-01-01,0.0,0.0,0.0,0.0
88608b5711fffff,2024-01-01,0.0,0.0,0.0,0.0
88608b5713fffff,2024-01-01,0.0,0.0,0.0,0.0
88608b5715fffff,2024-01-01,0.0,0.0,0.0,0.0
88608b5717fffff,2024-01-01,0.0,0.0,0.0,0.0
88608b5719fffff,2024-01-01,0.0,0.0,0.0,0.0
88608b571bfffff,2024-01-01,0.0,0.0,0.0,0.0
88608b571dfffff,2024-01-01,1.0,0.0,0.0,0.14285714285714285
88608b5723fffff,2024-01-01,0.0,0.0,0.0,0.0
88608b5727fffff,2024-01-01,0.0,0.0,0.0,0.0
88608b572bfffff,2024-01-01,0.0,0.0,0.0,0.0
88608b5731fffff,2024-01-01,0.0,0.0,0.0,0.14285714285714285
88608b5733fffff,2024-01-01,0.0,0.0,0.0,0.0
88608b5735fffff,2024-01-01,0.0,0.0,0.0,0.0
88608b5737fffff,2024-01-01,0.0,0.0,0.0,0.0
88608b5739fffff,2024-01-01,0.0,0.0,0.0,0.0
88608b573bfffff,2024-01-01,0.0,0.0,0.0,0.0
88608b573dfffff,2024-01-01,0.0,0.0,0.0,0.0
88608b5751fffff,2024-01-01,0.0,0.0,0.0,0.0
88608b5753fffff,2024-01-01,0.0,0.0,0.0,0.0
88608b5755fffff,2024-01-01,0.0,0.0,0.0,0.0
88608b5757fffff,2024-01-01,0.0,0.0,0.0,0.0
88608b5759fffff,2024-01-01,0.0,0.0,0.0,0.0
88608b575bfffff,2024-01-01,0.0,0.0,0.0,0.0
88608b575dfffff,2024-01-01,0.0,0.0,0.0,0.0
88608bc4a5fffff,2024-01-01,0.0,0.0,0.0,0.0
88608bc4a7fffff,2024-01-01,0.0,0.0,0.0,0.0
88608bc581fffff,2024-01-01,0.0,0.0,0.0,0.14285714285714285
88608bc583fffff,2024-01-01,0.0,0.0,0.0,0.0
88608bc587fffff,2024-01-01,0.0,0.0,0.0,0.0
88608bc589fffff,2024-01-01,0.0,0.0,0.0,0.0
88608bc58bfffff,2024-01-01,0.0,0.0,0.0,0.0
88608bc591fffff,2024-01-01,0.0,0.0,0.0,0.0
88608bc593fffff,2024-01-01,0.0,0.0,0.0,0.0
88608bc595fffff,2024-01-01,0.0,0.0,0.0,0.14285714285714285
88608bc597fffff,2024-01-01,0.0,0.0,0.0,0.0
88608bc599fffff,2024-01-01,0.0,0.0,0.0,0.0
88608bc59bfffff,2024-01-01,0.0,0.0,0.0,0.0
88608bc59dfffff,2024-01-01,0.0,0.0,0.0,0.0
88608bc5a1fffff,2024-01-01,0.0,0.0,0.0,0.0
88608bc5a3fffff,2024-01-01,0.0,0.0,0.0,0.0
88608bc5a7fffff,2024-01-01,0.0,0.0,0.0,0.0
88608bc5abfffff,2024-01-01,0.0,0.0,0.0,0.0
88608bc5b1fffff,2024-01-01,0.0,0.0,0.0,0.0
88608bc5b3fffff,2024-01-01,0.0,0.0,0.0,0.0
88608bc5b5fffff,2024-01-01,0.0,0.0,0.0,0.0
88608bc5b7fffff,2024-01-01,0.0,0.0,0.0,0.0
88608bc5b9fffff,2024-01-01,0.0,0.0,0.0,0.0
88608bc5bbfffff,2024-01-01,0.0,0.0,0.0,0.0
88608bc5bdfffff,2024-01-01,0.0,0.0,0.0,0.0
88608bc5d1fffff,2024-01-01,0.0,0.0,0.0,0.0
88608bc5d3fffff,2024-01-01,0.0,0.0,0.0,0.0
88608bc5d5fffff,2024-01-01,0.0,0.0,0.0,0.0
88608bc5d7fffff,2024-01-01,0.0,0.0,0.0,0.0
88608bc5ddfffff,2024-01-01,0.0,0.0,0.0,0.0
88608bcc81fffff,2024-01-01,0.0,0.0,0.0,0.0
88608bcc83fffff,2024-01-01,0.0,0.0,0.0,0.0
88608bcc85fffff,2024-01-01,0.0,0.0,0.0,0.0
88608bcc87fffff,2024-01-01,0.0,0.0,0.0,0.0
88608bcc89fffff,2024-01-01,0.0,0.0,0.0,0.0
88608bcc8bfffff,2024-01-01,0.0,0.0,0.0,0.0
88608bcc91fffff,2024-01-01,0.0,1.0,0.0,0.14285714285714285
88608bcc93fffff,2024-01-01,0.0,0.0,0.0,0.0
88608bcc95fffff,2024-01-01,0.0,0.0,0.0,0.0
88608bcc97fffff,2024-01-01,0.0,0.0,0.0,0.0
88608bcc99fffff,2024-01-01,0.0,0.0,0.0,0.0
88608bcc9bfffff,2024-01-01,0.0,0.0,0.0,0.14285714285714285
88608bcc9dfffff,2024-01-01,0.0,0.0,0.0,0.0
88608bcca1fffff,2024-01-01,0.0,0.0,0.0,0.0
88608bcca3fffff,2024-01-01,0.0,0.0,0.0,0.14285714285714285
88608bcca7fffff,2024-01-01,0.0,0.0,0.0,0.0
88608bccabfffff,2024-01-01,0.0,0.0,0.0,0.0
88608bccb1fffff,2024-01-01,0.0,0.0,0.0,0.0
88608bccb3fffff,2024-01-01,0.0,0.0,0.0,0.0
88608bccb5fffff,2024-01-01,0.0,0.0,0.0,0.14285714285714285
88608bccb7fffff,2024-01-01,0.0,0.0,0.0,0.0
88608bccb9fffff,2024-01-01,0.0,0.0,0.0,0.0
88608bccbbfffff,2024-01-01,0.0,0.0,0.0,0.0
88608bccbdfffff,2024-01-01,0.0,0.0,0.0,0.0
88608bccd1fffff,2024-01-01,0.0,0.0,0.0,0.0
88608bccd3fffff,2024-01-01,0.0,1.0,0.0,0.14285714285714285
88608bccd5fffff,2024-01-01,0.0,0.0,0.0,0.0
88608bccd7fffff,2024-01-01,0.0,0.0,0.0,0.0
88608bccd9fffff,2024-01-01,0.0,0.0,0.0,0.0
88608bccdbfffff,2024-01-01,0.0,0.0,0.0,0.0
88608bccddfffff,2024-01-01,0.0,0.0,0.0,0.0
88608bcd93fffff,2024-01-01,0.0,0.0,0.0,0.0
88608bcd97fffff,2024-01-01,0.0,0.0,0.0,0.0
88608bcd9bfffff,2024-01-01,0.0,0.0,0.0,0.0
88608bcdb3fffff,2024-01-01,0.0,0.0,0.0,0.0
88608bce93fffff,2024-01-01,0.0,0.0,0.0,0.0
88608bce97fffff,2024-01-01,0.0,0.0,0.0,0.0
88608bce9bfffff,2024-01-01,0.0,0.0,0.0,0.0
88608bceb3fffff,2024-01-01,0.0,0.0,0.0,0.0
